user_id,full_name,email,phone_number,role,assigned_team,access_level,created_at,last_login,team_user_count,workload_hours,created_month,activity_status
2e625c02-05a1-429e-a22d-934bdfe91a47,Jacqueline Wilson,jacksonarthur@example.org,579.481.4313,0,5,0,2025-03-13 08:24:11.309640,2025-03-06 18:21:26.320961,73,5,3,Inactive
7573f795-0011-4103-a02a-f662465a654b,Zachary Garcia,not_provided@example.com,(302)889-6590x1888,3,3,0,2025-02-13 14:40:08.208872,2025-01-06 11:03:28.618694,52,7,2,Inactive
ce9002c1-dd1c-487f-b51a-10260de61329,Christine Bates,garyzimmerman@example.com,846.283.2778,0,2,2,2025-01-06 20:24:02.867224,2025-01-14 19:35:06.140324,87,5,1,Active
bffbcbea-cd14-4dc4-83a9-cbd76e84e315,Barbara Moreno,richmondbrianna@example.com,(342)308-0757x5593,1,2,1,2025-02-18 03:39:20.440754,2025-01-07 20:26:15.383807,87,8,2,Inactive
1ce06d98-708f-4638-afe5-00d2aefa26f0,Valerie Montoya,angela72@example.com,340.741.9350,2,2,0,2025-01-03 12:05:49.807828,2025-02-18 17:45:18.922116,87,4,1,Inactive
22d9482e-83bd-45ea-a499-0777112d9dd4,Emily Barber,william39@example.org,512.408.7073,2,4,2,2025-03-10 15:37:02.307327,,59,4,3,Inactive
ae2e1f8c-81cd-49e1-97a2-fc8b8addaed6,Erika Mcdonald,ambermeyer@example.net,001-437-495-7354,3,2,0,2025-02-17 19:42:12.016600,2025-02-14 05:51:38.397920,87,7,2,Inactive
b39f98dc-d7ae-4e2a-8d8d-4cbc74c20948,Ruth Hernandez,not_provided@example.com,001-203-491-9966,0,2,2,2025-01-08 19:13:59.505133,2025-03-05 12:56:53.856683,87,5,1,Inactive
8e970821-8542-4064-9cd0-355fa8a46291,Tonya Kline,nancy78@example.com,+1-800-520-3711x7307,2,4,1,2025-03-12 09:07:15.830837,2025-02-12 00:41:43.363610,59,4,3,Active
fffd35a2-c85a-4b5f-89c3-a6eb693b794e,Lisa Turner,jacqueline82@example.com,001-511-507-0014x136,3,1,0,2025-01-03 18:49:30.697837,2025-01-06 05:10:55.496581,84,7,1,Inactive
f2b1219b-5050-40bb-bf9d-f6463f9746b2,Tracy Rodriguez,benjaminhoward@example.com,000-000-0000,2,1,0,2025-01-15 09:26:15.892992,2025-03-19 09:36:21.412131,84,4,1,Inactive
4a88e045-8890-4860-b38f-ac13e63595df,Christopher Gonzalez,sergio89@example.com,369-211-1216x20260,2,4,0,2025-01-05 07:27:42.767270,2025-02-24 19:18:55.734483,59,4,1,Inactive
9f718a7c-8c1f-4db9-93e5-afb5b626826c,Randall Keith,pateldavid@example.org,000-000-0000,4,4,0,2025-03-04 00:31:00.804947,2025-01-18 05:55:33.521474,59,6,3,Active
285325d0-3a57-4c54-9dfb-e06eff4ca9bd,Meredith Andrade,jessicaharris@example.com,379.879.2844x705,0,4,2,2025-01-11 21:53:03.005530,2025-01-19 19:02:14.538105,59,5,1,Inactive
85178347-54f6-4e27-b206-d32a9298967a,Lynn Jordan,douglas59@example.net,+1-939-382-7141x7893,3,0,1,2025-01-14 08:54:10.859303,2025-01-11 23:17:36.338009,75,7,1,Active
544d98ef-72c8-4b72-9094-f8a7123057f5,Jasmine Wilson,shawzachary@example.com,974-542-9299x08848,4,0,1,2025-02-23 01:54:13.040889,2025-03-05 03:15:40.715506,75,6,2,Inactive
37b50e0e-cd1c-4cb3-801b-8afa88b58455,Nicole Gonzalez,robertevans@example.net,8825731742,4,6,0,2025-01-20 06:58:50.223271,2025-01-21 16:51:50.868344,70,6,1,Inactive
816ada59-a7e8-4434-a660-930314102c4c,Jamie Carlson,fyoung@example.org,000-000-0000,3,2,2,2025-03-08 03:12:15.162978,2025-02-01 07:01:53.647197,87,7,3,Active
9d14acdf-416b-4f29-a4f2-b58563d55ab2,Dustin Garcia,jessicagregory@example.org,206-249-3717,2,4,1,2025-02-13 12:13:24.013950,2025-03-07 02:24:12.850937,59,4,2,Inactive
5f74ca9c-2a48-46e9-8b7c-c567738f9037,Alexander Williams,davidalexis@example.com,000-000-0000,2,0,0,2025-02-18 08:47:50.459997,,75,4,2,Inactive
c34d04f2-1394-4d0f-8447-7a8a0163315a,Paula Guerra,nacosta@example.net,001-583-984-3623x7366,4,0,2,2025-02-28 10:11:32.748045,2025-01-02 11:42:48.748690,75,6,2,Active
81f92f71-d7b4-4790-80d1-3b38f54a62ed,Melissa Wilson,albert17@example.org,675.538.0078x173,0,3,0,2025-01-19 23:16:42.594576,2025-01-11 08:20:25.137722,52,5,1,Inactive
f005a708-83d1-4ee6-ab74-25c7671b1add,Tracy Miranda,turnerandrew@example.net,318-813-8031x4611,0,2,1,2025-01-05 05:22:43.418977,2025-01-15 08:46:21.536741,87,5,1,Inactive
b300e5bb-14c9-4b04-8c02-09ef91bdda43,Jennifer Dominguez,taylorgail@example.net,848.322.5752,3,2,2,2025-02-07 05:45:34.521246,2025-01-14 01:30:52.114759,87,7,2,Inactive
fb76f9ee-d867-4ad9-8558-7fe05bf1cfaf,Gregory Mendoza,laurawilson@example.com,437-255-0651x2383,1,6,2,2025-02-07 07:16:26.544380,2025-02-16 04:04:45.904486,70,8,2,Inactive
2b26d628-1e7e-4107-bb67-eaaf617686c6,Terrence Lopez,ryan79@example.org,001-349-309-6305x737,3,0,0,2025-03-18 07:26:03.907698,2025-02-16 19:50:47.876245,75,7,3,Inactive
e1798bfd-f4fe-4b66-a5f3-2feff64f5bc1,Laurie Moore,eduardo72@example.org,971-458-7967,4,0,0,2025-03-13 00:23:36.109363,2025-01-31 12:07:11.393150,75,6,3,Inactive
27797697-4126-48e2-baa4-6f960832e331,David Taylor,not_provided@example.com,499.851.1444x7009,4,2,0,2025-01-28 04:41:48.177632,,87,6,1,Inactive
980eb330-34b5-4549-889b-0853ce7ffaeb,Kevin Smith,olewis@example.com,001-780-699-6332x1721,0,6,0,2025-01-09 13:40:55.669286,,70,5,1,Inactive
dafc48dc-4b1d-4448-b02a-34d81a1cbc08,Unknown,tracyallen@example.org,(678)373-5154x536,2,2,0,2025-01-31 13:28:54.643103,,87,4,1,Inactive
5c369ae9-6e17-4cf7-8fbf-07c482aa3415,William Hall,nathanroach@example.net,412.766.1183x97240,2,0,1,2025-01-11 14:50:34.806328,2025-03-09 00:37:13.866340,75,4,1,Inactive
35fb8857-cecd-4463-bc1c-d68657e23c73,Stacy Santiago,ysmith@example.com,407.577.9105,1,2,1,2025-02-06 19:15:11.517028,2025-03-05 18:38:03.079469,87,8,2,Active
fc88ffe6-5ab6-4959-a78d-b220025a1f8a,Robert Simpson,mitchell85@example.org,830-429-2091x08309,2,4,0,2025-03-07 14:01:25.715909,2025-02-05 19:56:37.422889,59,4,3,Active
50c6b63b-dbe8-4c3a-af3a-986d402f1c3e,Unknown,heatherbaker@example.net,391.271.0381x8763,3,1,0,2025-02-23 09:33:46.458873,2025-01-24 10:07:39.561748,84,7,2,Inactive
10655e24-85ef-4056-ac47-91de7b6521a2,Nicole Brooks,not_provided@example.com,+1-451-959-2912x93018,4,6,0,2025-01-11 19:02:18.760681,2025-02-11 00:19:30.586749,70,6,1,Inactive
48894b6a-841c-4d69-9ea5-84a68d55d94a,Angela Huang,oconnelldana@example.com,719-319-0036x97689,4,0,0,2025-02-28 18:47:04.677604,2025-03-15 06:34:56.013827,75,6,2,Inactive
16968dd7-86ba-4f89-a1a2-e726368c4abe,Marc White,not_provided@example.com,7642686033,1,0,0,2025-02-08 14:19:13.202215,2025-03-12 14:50:59.889553,75,8,2,Active
6ca4a2bf-4f25-4f41-864f-a8dc59be54ba,Timothy Richardson,not_provided@example.com,000-000-0000,2,3,1,2025-01-15 21:34:32.061191,2025-02-14 02:15:38.450590,52,4,1,Inactive
979ab991-5c53-493d-b047-3e1e0db523b7,Nicole Rich,not_provided@example.com,281.352.3721,2,1,1,2025-01-12 22:38:45.718910,,84,4,1,Inactive
28790aff-21cb-4c14-bf47-8cf5fe533759,Robert Winters,jessicawilliams@example.com,000-000-0000,2,4,2,2025-02-28 11:10:30.455978,2025-01-24 13:23:11.297187,59,4,2,Active
4f9f69a0-eec7-4494-961c-08a90955c095,Christopher Christensen,jroberts@example.net,669.966.5734,0,6,1,2025-03-02 02:26:41.787891,2025-02-19 18:34:20.839232,70,5,3,Inactive
96eeffb6-4cbd-43da-960d-d935eca24b99,Diana Faulkner,alison38@example.com,364-983-0720,2,2,0,2025-02-28 20:16:37.091151,,87,4,2,Active
1d8b30a8-96cc-4ea1-bdb2-067988bf60bd,Jonathan Wilson,jennifergordon@example.net,+1-358-507-8415,4,5,2,2025-03-06 04:47:42.667361,2025-02-26 08:40:26.753405,73,6,3,Inactive
78872c63-5bad-45aa-8bd6-83eb43e52cbf,Unknown,brandon57@example.com,466-562-8351x1417,1,0,0,2025-01-15 10:13:17.406183,2025-03-02 04:11:14.416843,75,8,1,Inactive
12c1a6f1-33ce-4575-855f-2b1b7d1f3c22,Christian Dickerson,millerchristian@example.com,+1-970-221-1056x353,1,1,0,2025-01-02 13:06:58.406607,2025-01-21 16:07:07.410919,84,8,1,Active
ae2a6c1d-8b30-41ad-8088-f724f96fb65a,Marc Baker,rebeccamedina@example.com,465-208-7064x38943,3,1,0,2025-02-20 20:07:56.974792,2025-03-10 13:14:12.248701,84,7,2,Inactive
61c7bf54-94d6-4b4f-9044-ebf47288de17,Tonya Johnston,hannah99@example.com,900-362-3792,2,3,0,2025-03-19 13:14:48.313698,2025-02-07 10:53:43.335016,52,4,3,Active
30578cb3-41fc-4df4-a0cf-bd00972b5368,Brittany Bell,diazdarlene@example.org,220.770.4271x1967,1,4,2,2025-03-03 16:25:23.937035,2025-02-25 22:08:50.635163,59,8,3,Active
0074883c-9511-4e18-a0d7-aa42afd69a33,Unknown,david35@example.com,001-835-929-4712,0,0,0,2025-02-05 03:31:06.686169,2025-02-27 08:28:10.208386,75,5,2,Active
e160ceba-439c-4c77-8f9f-051895ca1b8f,Amber Moran,lauren20@example.net,000-000-0000,2,2,0,2025-01-23 04:28:52.068460,2025-01-06 22:39:03.250728,87,4,1,Inactive
add7f431-46a8-41ee-b897-2544dcde0342,Robert Fox,bishopsarah@example.com,428.903.1801x5180,4,4,2,2025-03-08 06:58:26.922681,,59,6,3,Active
7d25e9e5-16e7-4a36-b2f4-78bcaf7d7317,Christine Robinson,careysteven@example.com,7353300403,3,4,1,2025-01-21 04:20:44.123294,2025-01-23 15:42:33.656338,59,7,1,Inactive
25c73dc3-97ec-454e-9526-bf52b47d4730,Barbara Lee,uvillegas@example.com,279-241-1936x97357,0,1,1,2025-01-16 04:07:08.687539,2025-02-26 18:58:22.752480,84,5,1,Inactive
f081ab3b-2dd4-4c3f-8ef4-f2c5a4237c0a,Lori Alvarez,jamesmartinez@example.net,547-387-1594,4,0,0,2025-03-14 05:38:27.578209,2025-01-24 17:50:00.741559,75,6,3,Inactive
122c08d2-c33a-4bac-93c4-fc8f11656991,Unknown,bmendoza@example.com,+1-307-935-3224x844,3,5,0,2025-01-07 22:38:22.713763,2025-02-24 06:35:00.950577,73,7,1,Active
704913a0-93f5-4570-ae3f-9cc8db76715c,Tammy Knight,allenkathy@example.org,(716)558-5827x301,4,1,1,2025-02-22 08:07:17.852310,2025-03-02 16:08:38.575942,84,6,2,Inactive
b21a9844-98dc-4a16-afa3-bf09556db71c,Maurice Francis,jennifermatthews@example.com,001-230-294-4035,0,4,1,2025-01-09 03:35:35.775386,2025-02-20 10:34:06.638648,59,5,1,Inactive
aeb0512e-c67d-4c0b-a613-253b4b2235d7,Sandra Doyle,melissalove@example.org,001-481-723-9315x69027,3,4,2,2025-01-04 01:42:00.504471,2025-02-15 07:05:56.715269,59,7,1,Inactive
84f602e6-f87c-4010-9f56-0da97b656905,Bonnie Wilson,deborah59@example.net,001-701-605-5447x7865,0,0,2,2025-02-10 04:10:43.364147,2025-01-17 18:56:51.715883,75,5,2,Inactive
2ca76e0f-1260-42ae-aa19-8fdbd15d2c80,Jeremy Herman,bmarks@example.org,001-723-510-3448,1,2,0,2025-01-17 00:50:52.085609,,87,8,1,Active
9bfee5ba-0985-418a-8d53-405edb8da92f,Autumn Harris,andrea19@example.com,001-895-929-8468x5312,2,2,2,2025-01-20 23:25:24.690684,2025-01-20 22:22:31.043703,87,4,1,Active
3b127029-4eb4-46f2-b05a-dfe336d546d3,Gordon Kerr,taylorcontreras@example.org,366-327-3186,0,1,1,2025-02-20 21:29:47.847183,2025-02-17 20:19:15.456043,84,5,2,Active
65b6cc8a-6135-4ac9-aeab-b7025833fb82,Leonard Patel,michael78@example.org,001-476-581-4092x454,1,2,1,2025-01-21 11:08:47.454135,2025-01-18 10:50:27.421837,87,8,1,Active
2a640bdd-dd2f-4088-8602-b4fc90b7ae7b,Kevin Schmidt,timothymorgan@example.org,001-610-577-5230x4402,3,2,2,2025-02-22 14:49:46.348643,,87,7,2,Inactive
99202fc8-eb54-4704-b564-2d6f1b16398f,James Collins,donaldbrown@example.org,(737)238-8717x81139,0,5,0,2025-01-08 13:46:14.553245,2025-02-11 09:12:08.083621,73,5,1,Inactive
d5d4dda4-30de-49b9-8f0c-8994fe40f7ce,Christopher Robinson,brooksmaria@example.net,(714)223-1312x2541,0,5,0,2025-03-04 10:33:08.031548,2025-02-21 19:54:36.733301,73,5,3,Active
19d11095-1608-4cc5-a557-0acf9c187d8f,Kenneth Jimenez,rochachristopher@example.com,000-000-0000,3,3,2,2025-03-13 17:13:07.188089,2025-02-28 18:41:31.118232,52,7,3,Inactive
e1e8b1cf-0fbc-4e6a-b577-37f5c10b1706,Dean Pierce,austin24@example.net,+1-619-427-3218x0890,4,5,2,2025-01-11 01:16:28.104982,,73,6,1,Inactive
0e7ee296-a208-48d0-bf59-ed07d2265e35,Austin Mcdonald,ryan22@example.org,5209638114,2,5,1,2025-02-01 02:47:08.243226,2025-02-08 21:50:37.322450,73,4,2,Inactive
62df6d8c-7f17-421a-900e-e94d10f8c199,Daniel Watts,dawsoneric@example.com,458-284-3656x9276,0,0,0,2025-03-20 11:29:33.585309,,75,5,3,Active
1ef3d5bb-016f-4cb4-ae91-fcc782bce400,Unknown,david06@example.org,000-000-0000,3,2,0,2025-01-18 04:30:30.379256,2025-03-09 21:13:05.649559,87,7,1,Active
ed6e63e3-9b7d-448e-ab0d-7dd045dd286f,Ryan Wilson,iramirez@example.com,227.360.3377,0,2,0,2025-03-12 03:07:47.162685,2025-02-04 13:59:12.564184,87,5,3,Active
d52dac74-df3c-42c2-8aa5-777b4d198e5a,Jacob Hernandez,not_provided@example.com,977-285-2415,0,5,1,2025-02-15 12:18:25.950815,2025-02-15 08:30:21.194455,73,5,2,Inactive
e77867b5-aa35-40a2-931a-f42ef203f4fe,Tracy Silva,sheilasutton@example.net,(250)237-5651,2,1,2,2025-01-31 20:49:36.558803,2025-03-15 15:47:11.457286,84,4,1,Inactive
9b4e095d-3c67-4e45-9e08-f7d2350e32b3,Rebecca Mahoney,hrich@example.com,701-651-5078,3,1,0,2025-03-13 22:35:26.003339,,84,7,3,Active
34eb31b4-1e53-4fbd-9154-96526872b81c,Christina Willis,amy33@example.net,+1-375-323-7268x6363,4,3,0,2025-02-12 16:03:45.921303,2025-03-02 22:37:53.623000,52,6,2,Inactive
4112d781-77f3-4282-b889-d126e70ea19a,Emily Chan,daniel77@example.com,969-854-2758x21981,0,4,0,2025-01-01 20:27:56.658859,2025-01-28 02:19:50.211894,59,5,1,Inactive
e138ef15-081e-4432-97dd-f3a6003ad992,John Baker,not_provided@example.com,(899)612-9605,4,5,2,2025-01-18 23:38:49.275393,2025-02-20 11:01:38.414258,73,6,1,Inactive
c5cfed6a-9823-494d-b1ca-9c3dbe1d34e9,Melissa Wolf,ddalton@example.net,865-816-7791,0,5,1,2025-02-14 03:16:42.521848,2025-03-17 14:53:58.766283,73,5,2,Inactive
3d8a00e3-2503-4e29-bc5a-81949631edee,Elizabeth Porter,jacqueline57@example.com,+1-657-483-0805x468,3,6,1,2025-03-13 06:03:45.501836,2025-01-22 15:17:07.130866,70,7,3,Active
2d921175-2f20-4467-a7a7-0558982c9108,Amanda Cohen,not_provided@example.com,272-765-1528x520,4,6,2,2025-02-22 10:31:48.800706,2025-01-06 20:41:49.175386,70,6,2,Active
28e2ff37-123f-4ae9-a5a1-b59da481a996,Timothy Rogers,trevormoon@example.com,3986866937,3,5,1,2025-03-21 02:37:31.237378,,73,7,3,Inactive
c6cf6578-3c08-4e72-ac0f-7f3371e9ca35,Jessica Terry,ujohnson@example.net,6484520876,1,1,2,2025-03-05 06:23:06.988957,2025-01-08 02:58:40.738441,84,8,3,Active
7c337984-7d12-4270-a0c9-bbb206535909,Peter Lyons,jthomas@example.com,000-000-0000,4,4,0,2025-02-15 20:00:29.701620,2025-02-21 18:52:05.688596,59,6,2,Inactive
d4848da7-d4d2-4da2-8ff3-0aee360762bb,Amy Johnson,amanda56@example.org,+1-417-212-9924x204,0,1,0,2025-02-21 20:11:38.619041,2025-01-14 10:48:56.921866,84,5,2,Inactive
ccae7912-a27a-4209-b055-e26cd2230f06,Michael Cook,apennington@example.org,+1-212-323-5220x37701,0,6,1,2025-02-11 07:59:56.187650,2025-02-22 16:10:56.238470,70,5,2,Inactive
086dd36f-bc55-480a-b596-e430dd57703b,Unknown,xmccullough@example.net,775.670.3646x2207,2,1,1,2025-01-13 14:03:15.926286,2025-02-19 08:14:46.138690,84,4,1,Active
3d26307a-069e-4c1b-9ba4-1faa89d9fde0,Tiffany Greene,samantha73@example.org,280-816-6892,4,5,0,2025-02-04 21:02:20.090967,,73,6,2,Active
b3564212-9378-408a-b887-7fcfac8bac23,Andrew Mason,william57@example.org,(877)525-1389,0,5,2,2025-03-05 13:33:59.360988,,73,5,3,Inactive
5a651e49-5a33-4d10-b7fd-3e84758dfd0a,Joseph Rodriguez,jacksontrevor@example.net,001-406-782-5440x1008,3,5,0,2025-01-28 05:53:16.521061,2025-02-10 02:11:45.692031,73,7,1,Inactive
5ace6ff9-7928-445a-bed8-d86ae19a6092,Darren Maynard,wattsapril@example.com,(905)502-6129,3,1,0,2025-01-06 19:06:36.214088,2025-02-09 09:55:02.331636,84,7,1,Active
9d7e85bf-a8da-45a0-b048-0c5a68ce148a,John Robertson,matthew86@example.net,4387313525,4,2,2,2025-02-21 16:23:01.239048,2025-03-04 00:45:52.361487,87,6,2,Inactive
552580f8-3006-444d-b6cc-46bbd83b6d89,Rebecca Allen,not_provided@example.com,(757)614-8109x069,4,3,2,2025-01-25 05:13:10.642195,2025-02-03 11:50:38.136604,52,6,1,Inactive
e346a0c1-e206-4d04-bc3e-270636c7075c,Tony Howard,spenceralexandra@example.com,423.709.1436,3,2,0,2025-03-01 14:44:01.812934,2025-03-17 21:20:08.651424,87,7,3,Inactive
83e330ef-3ee0-471a-87a3-667deb0c0517,David Wang,brianbrown@example.org,355.492.0556x53362,4,3,1,2025-02-23 00:35:22.109817,2025-03-04 21:35:54.370392,52,6,2,Inactive
778746f6-4780-4b84-a6a0-a23dba3fbc7b,Nicole Lee,jessicadavis@example.com,489-916-0669x74356,0,1,0,2025-01-09 12:27:21.963720,,84,5,1,Inactive
a8d7ed6c-4b9c-4cdc-adfe-f421c02cbbfb,Jenna Weber,stephaniedixon@example.org,200-898-6488,3,2,1,2025-01-23 05:01:47.791293,2025-01-31 19:00:13.198070,87,7,1,Inactive
2567409f-7101-4efd-9e86-12a4af148dcf,Sarah Sampson,eddienolan@example.net,397-784-0412,2,3,2,2025-03-14 09:11:53.138283,,52,4,3,Inactive
d1135654-79ea-4c8b-8fa3-3b6d8e1b0c18,Nicole Andrade,xvelasquez@example.org,2355412013,2,5,1,2025-01-20 20:30:31.809745,2025-01-05 11:35:24.634809,73,4,1,Inactive
74dc4b57-2daf-472a-9aff-fa79bbf89880,Kelli Foster,omar63@example.net,(369)403-3231x23932,1,1,2,2025-01-08 05:42:34.134926,2025-02-23 08:07:03.074504,84,8,1,Inactive
635cdb6c-02ca-4b00-9687-98f9ab1f289b,Mrs. Shelly Bell,john64@example.com,(298)989-4837,4,6,0,2025-03-15 08:22:37.643023,2025-03-20 08:56:29.677246,70,6,3,Inactive
fe95bded-5f93-4e8b-865d-049f6a6cd550,Karla Smith,gonzalezeric@example.net,001-726-980-1783x4461,2,5,2,2025-01-30 13:26:18.048207,,73,4,1,Inactive
2e409ee9-aeb5-4bb1-b4e6-b555c84c52bc,Regina Russell,cmarsh@example.com,885-568-0751,4,3,2,2025-02-03 07:31:56.676146,2025-02-25 19:35:18.338184,52,6,2,Active
afbc5c55-3f07-4e15-9160-0b92ff8d3da1,Jasmine Haynes,not_provided@example.com,256.581.0932,3,2,0,2025-03-01 23:30:34.169351,2025-01-30 00:48:13.833642,87,7,3,Inactive
2b85c644-2e88-499d-89a8-fc52b6aff665,Courtney Nguyen,robbinssteven@example.net,000-000-0000,0,0,0,2025-02-16 04:57:12.590540,2025-01-28 16:34:59.304955,75,5,2,Inactive
d3f19b45-7d18-4af3-8cea-9940b632eb9b,Shawn West,nathaniel43@example.com,000-000-0000,1,5,0,2025-01-17 07:37:51.120563,2025-02-16 12:02:05.833337,73,8,1,Active
ba6fabf4-8fef-44eb-af74-1d9ce0451534,Scott Johnson,bellalejandro@example.org,001-774-474-5576x1498,0,5,2,2025-01-14 09:37:37.886055,2025-03-01 02:41:55.293447,73,5,1,Inactive
e2cb86df-2a65-496d-8f89-15e85fe35893,Andrew Mason,dsmith@example.net,634-335-5028x222,1,4,2,2025-02-20 21:03:30.047629,2025-01-28 10:38:43.151978,59,8,2,Active
f3d9749f-c182-48d4-bb13-f91025e205ad,Jacob Davis,ojacobs@example.org,+1-765-939-4347x8160,2,3,1,2025-01-04 15:29:32.252132,2025-01-17 17:05:08.326333,52,4,1,Inactive
af3c607f-e4b0-464a-8904-93762d7a51c1,Karla Williams,susan71@example.net,582.584.7052,4,1,0,2025-03-15 02:43:27.623563,2025-01-10 03:21:39.657612,84,6,3,Inactive
f17762e1-5e84-4b97-a05c-f3a1293f192d,Jack Jones,elizabethchaney@example.com,7977177443,1,4,1,2025-03-21 13:04:21.590252,2025-01-19 01:33:05.415671,59,8,3,Inactive
bf085f5b-3bbf-482d-a700-e40c053350eb,Stefanie Gordon,mark56@example.org,717.714.7350,1,0,0,2025-03-12 06:26:00.124737,,75,8,3,Inactive
45e427f9-5e9a-4f1c-abd8-8c151c122e87,Timothy Shah,jorge28@example.com,(917)601-0848x339,2,4,0,2025-02-10 03:26:01.720391,2025-01-15 16:53:24.236572,59,4,2,Inactive
ad79d271-2a59-484a-8946-c2107a02e888,Mary Gardner,vberg@example.net,000-000-0000,4,0,1,2025-03-18 07:31:43.861503,2025-02-14 23:46:24.580297,75,6,3,Inactive
825ab6bd-b612-44be-acc6-2f9499dab57c,Kimberly Andrews,rwong@example.org,293.956.4185,3,2,2,2025-01-04 12:18:29.268492,2025-01-19 14:48:31.264766,87,7,1,Inactive
0e2f3d48-ded1-4a12-bc68-52231caba4b9,Unknown,hendersonandrew@example.net,000-000-0000,3,6,1,2025-03-14 10:45:48.447460,2025-02-07 12:39:05.885625,70,7,3,Active
722eb01d-7e35-4e8c-9457-4a0fd682c926,Unknown,katherineschmidt@example.org,001-815-826-3021x514,4,2,2,2025-01-23 12:11:15.620175,2025-02-21 19:59:42.605550,87,6,1,Active
6e26ac0b-b5f7-4824-8578-265b969a97df,Anna Shields,ortegamartin@example.net,000-000-0000,3,4,0,2025-03-16 20:01:54.823786,2025-01-14 14:58:48.727565,59,7,3,Inactive
21c77296-91ea-49d3-80dd-cadf29f49ef3,Jessica Griffin,thomasmatthew@example.net,456.567.3131x39503,0,6,1,2025-02-08 17:43:32.789152,2025-03-08 06:44:08.926799,70,5,2,Inactive
036d1f18-04e6-42d6-96d4-350227f57db7,Joshua Browning,michelle24@example.org,001-321-807-7459,3,5,0,2025-02-17 01:01:17.104105,2025-03-17 01:51:20.538649,73,7,2,Inactive
474658b8-3e90-493a-9d3e-a0f0dd5e067c,Suzanne Perez,newmanchristopher@example.net,001-202-823-7502,4,6,2,2025-01-13 19:14:49.355321,,70,6,1,Inactive
c0b6018f-4e11-425b-9fde-d08060487526,Carolyn Gregory,not_provided@example.com,+1-494-356-0940x7903,4,5,2,2025-03-06 21:31:35.514310,2025-02-26 07:08:17.954636,73,6,3,Active
e5374f18-e8ba-43f0-8c3f-9993ddb18b12,Daniel Banks,kaylacollins@example.com,+1-883-963-7231x66209,1,2,1,2025-01-29 04:39:52.667316,,87,8,1,Inactive
72a065b6-04fe-46d5-bca7-5134cd4d1314,Barry Thompson,johnestes@example.org,(777)612-6449x96883,3,2,1,2025-01-08 08:20:08.890834,2025-03-13 17:26:20.161107,87,7,1,Inactive
1f6c90e7-f1d2-4ce7-a99d-61625dd6f90a,Andrew Medina,conraddustin@example.net,(335)601-7426x170,3,6,1,2025-01-08 03:43:26.476939,2025-01-20 18:27:06.371232,70,7,1,Inactive
9bd89bce-359c-4a57-a93a-cd1a850105ca,Daniel Holden,ncraig@example.com,000-000-0000,4,6,2,2025-01-03 21:28:29.520363,2025-03-20 16:36:52.036136,70,6,1,Active
98263ff4-11db-4844-9656-dafcbb214115,Laura Gross,ronald33@example.com,888.856.0244x712,1,1,1,2025-01-11 22:51:27.915962,2025-02-04 09:29:49.053948,84,8,1,Inactive
0bf5777a-3ff5-4e56-b574-c578e8a7b20f,Kevin Thompson,petersmith@example.com,001-644-480-1910,2,1,2,2025-02-22 20:04:37.276860,,84,4,2,Active
0167e968-3884-4b78-a8aa-5f4519922955,Kimberly Vaughn,janice80@example.org,000-000-0000,2,2,2,2025-01-16 12:53:34.528930,2025-02-15 15:42:56.934188,87,4,1,Inactive
112106c1-9ac0-4a0c-9d25-24de326df446,Benjamin Kennedy,broberts@example.org,+1-601-246-2038x6104,3,5,1,2025-02-18 23:48:26.649471,2025-03-16 05:10:04.267038,73,7,2,Inactive
163337aa-3b79-4894-ace2-62c96a30b4e3,Unknown,weaverdebra@example.org,2105301423,0,6,1,2025-02-19 02:08:22.898112,2025-03-21 12:23:56.177069,70,5,2,Inactive
3594d476-9a40-4704-86f2-6e393e706664,Megan Duran,brandi72@example.org,001-761-220-1763x28097,1,6,1,2025-02-27 17:16:29.095098,,70,8,2,Inactive
ef7704e8-9e21-4719-a7a3-52fb9f6f5cae,Devin Garcia,kevin13@example.net,899.920.8098,1,1,0,2025-02-10 11:58:03.285174,2025-02-15 04:25:51.772604,84,8,2,Inactive
dd430d20-0333-4823-b8e0-24db9aada672,Ian Medina,jacksonstephanie@example.org,6753125392,1,1,0,2025-02-12 10:54:29.986055,2025-03-12 18:46:38.020950,84,8,2,Inactive
c0c3db17-5d8f-4a54-86e5-4f2730bdcf6e,Christopher Sanchez,wswanson@example.net,001-253-997-5580x531,4,5,0,2025-01-17 02:31:52.101297,2025-03-08 14:43:00.116423,73,6,1,Inactive
afd3d202-a67d-46c5-84e5-ecfb5d1c8043,Eric Weaver,ehogan@example.org,001-723-322-7222x4338,0,3,1,2025-03-11 10:00:52.239477,,52,5,3,Inactive
0dfb3e79-a1f0-4a09-bfd4-817ce4fcd014,Vanessa Banks,jacobsmary@example.net,975.907.5687,0,6,1,2025-02-15 23:10:03.589160,2025-02-02 11:46:40.663547,70,5,2,Active
dfbb7a71-d19b-466b-8f12-f8ffe278c534,Brianna Orozco,christina76@example.net,(964)675-2757x7012,3,1,2,2025-02-21 02:54:29.676772,2025-01-27 15:15:03.971606,84,7,2,Inactive
3b02059a-4797-496d-ac12-8387b369de75,Taylor Kelly,spencersmith@example.org,000-000-0000,3,1,0,2025-03-17 03:33:32.023708,,84,7,3,Inactive
26e869f7-c2ba-4473-9722-2e7aa5b895bd,Debra Newman,francismiguel@example.net,+1-433-929-3566x61285,3,0,1,2025-02-22 11:45:04.312752,2025-02-25 21:54:24.086437,75,7,2,Inactive
1d6f62c8-b26f-4c53-b352-b12564dc05a2,Jennifer Castro,greenebetty@example.org,001-764-780-0217x069,3,3,2,2025-01-06 06:32:58.951488,2025-02-11 03:10:23.336710,52,7,1,Inactive
2a253462-bb38-4ed1-a04e-73e3c5a2aefa,Alicia Hill,not_provided@example.com,000-000-0000,3,2,1,2025-02-21 11:33:31.830467,2025-02-14 16:33:29.122921,87,7,2,Active
b0fd64ef-8df4-4c9b-b568-c544fbbc164a,Donald Hill,not_provided@example.com,(537)489-3618,0,1,1,2025-01-12 05:37:38.181008,2025-02-14 03:06:47.473641,84,5,1,Active
8daaa158-5c9c-418d-bd20-a897bab1d48c,Andrew Clark,john94@example.net,001-476-395-9832x53360,3,2,2,2025-02-13 16:45:18.286864,2025-02-12 22:58:30.660506,87,7,2,Inactive
5dc65924-1c99-4953-8291-7a172b4b0c73,Cynthia Sellers,chensarah@example.com,000-000-0000,1,6,0,2025-01-20 03:51:28.996891,2025-03-14 21:01:29.815760,70,8,1,Inactive
a22c2061-9bd8-4aaa-a61b-ef9789bbda0d,Maria Kim,marshallcheyenne@example.com,942.215.3479x535,3,6,0,2025-03-08 18:53:53.128269,2025-02-13 04:05:10.424115,70,7,3,Inactive
f9fe66c4-48ae-48e1-902d-91d94952f343,Joshua Watkins,jonesdavid@example.net,001-375-493-6859x0635,1,3,1,2025-01-22 14:51:11.660558,2025-01-30 02:53:02.757790,52,8,1,Active
fa53a4d1-544d-4797-a0f4-3b4e3fedca1c,Wendy Berry,allisonyoung@example.org,+1-848-920-9136x0259,1,0,0,2025-03-01 03:05:53.345110,,75,8,3,Inactive
b7625519-98c6-43bb-af84-ee1154cb86cf,Mark Fleming,wendy61@example.net,353.939.9637x633,1,1,0,2025-01-07 11:46:38.109990,2025-02-24 06:47:38.375088,84,8,1,Active
f98cd791-8f38-4874-a3f3-0e356563e3c6,Daniel Landry,not_provided@example.com,(763)863-8029x110,3,2,2,2025-01-20 07:25:05.065430,,87,7,1,Inactive
39c61e31-ffe4-451c-82d7-e6b3f4ce4ebc,John Gutierrez,acevedoscott@example.org,520.391.5456,0,0,0,2025-01-26 07:35:44.813295,2025-03-14 01:14:41.096452,75,5,1,Inactive
ad4b21db-3050-4481-adab-b5e0fd7de05e,Tanya Mejia,shelley63@example.net,+1-909-261-9890,2,5,1,2025-01-14 08:45:01.824294,2025-01-05 11:36:07.119133,73,4,1,Inactive
dbc5a0aa-7929-4528-93ca-83149e272666,Eric Garcia,darlene60@example.org,(495)967-0111x73143,4,4,2,2025-03-19 04:28:26.999888,2025-02-14 00:03:47.254807,59,6,3,Active
867631cf-840c-41ca-806b-05e67e1bfb36,April Combs,linmatthew@example.com,229-648-9442x286,4,5,1,2025-01-15 22:19:46.629592,2025-01-09 18:31:57.638329,73,6,1,Inactive
9075263e-cfa4-4c64-b31e-e59d70a1d445,Julia Bryant,not_provided@example.com,383-641-8466,4,4,1,2025-02-11 20:11:19.707890,,59,6,2,Active
7a237368-df24-4a11-8f77-94b8cbfbf122,Veronica Marquez,omaxwell@example.net,000-000-0000,0,3,2,2025-03-15 00:58:32.382864,2025-02-14 12:43:29.384921,52,5,3,Inactive
6518e17d-d209-4daf-ad9d-8e14d1fb7d58,Jennifer Nelson,cooperdawn@example.org,001-690-616-0870x87612,0,5,1,2025-03-05 08:48:47.596623,2025-02-24 16:10:12.995674,73,5,3,Inactive
0b8c0449-897f-44c0-8e14-043d6ebf148a,Unknown,robertmoore@example.com,(633)495-5494x684,3,2,1,2025-02-07 05:19:15.449556,,87,7,2,Active
f5090cb7-475b-4725-a8ac-3d91e3c5a600,Linda Miller,ystanton@example.net,283.810.2596x999,2,1,1,2025-01-14 18:49:01.025239,2025-01-25 19:06:39.394379,84,4,1,Inactive
923371e9-c797-46df-a6aa-3bff8b1d2275,Walter Anderson,mark21@example.org,819.426.0888,1,2,1,2025-01-02 20:31:50.796546,,87,8,1,Inactive
f3e9bb72-0071-4fbf-9a86-f6b803573703,Amber Mullen,vrobertson@example.net,000-000-0000,1,5,2,2025-01-13 00:41:47.731547,2025-02-11 04:47:20.517279,73,8,1,Active
55f1f852-efc5-4318-b6d8-e902f8fa7b6e,Timothy Williams,logan87@example.com,+1-556-976-2089x397,2,1,0,2025-01-11 06:38:29.739871,2025-02-14 06:35:17.196765,84,4,1,Inactive
7b37f09d-73a8-4dd9-a917-32f0dcd1813f,Samantha Burke,smithbeverly@example.com,860.662.4006,2,1,1,2025-01-31 09:05:10.343831,2025-03-10 09:55:11.176308,84,4,1,Inactive
4a9f5590-91cb-4289-b615-e27cb65a1cb1,Patricia Hamilton,jonathanreynolds@example.org,001-219-888-1356x50793,4,3,2,2025-03-13 19:03:43.984978,,52,6,3,Inactive
afefd6ae-1933-4ce3-a0d6-5b1258b931d1,Michael Stevens,johnsonhannah@example.net,+1-479-319-9973x2282,2,5,2,2025-02-08 20:02:19.130492,2025-03-18 06:59:08.731167,73,4,2,Inactive
8c7ea8eb-6faf-46a5-a3aa-f9f360a1c438,Jon Hardy,jacquelinelynch@example.net,(518)430-1973,0,3,1,2025-02-03 18:48:00.051808,2025-01-17 22:27:59.880455,52,5,2,Inactive
e2d43c37-3133-44a7-bf46-96692847e2ff,Keith Franco,benjaminthornton@example.net,545-238-1361,2,2,0,2025-03-17 01:54:34.586066,,87,4,3,Inactive
d63cbfd3-9662-4b97-b540-900df698e721,Steven Torres,jonathan22@example.com,544.522.8505x2249,0,6,0,2025-01-06 14:02:12.025325,2025-03-02 04:50:26.069323,70,5,1,Active
074aafaf-613d-434f-b457-89081fd97e9c,Zachary Zavala,not_provided@example.com,(844)438-7508x8934,1,6,0,2025-02-06 00:15:48.368191,,70,8,2,Active
9acc699c-0ae9-4791-a2be-4c7cf30ec8e1,Jessica Jones,birdchristopher@example.net,000-000-0000,0,0,1,2025-01-21 17:03:35.395037,2025-02-21 08:00:46.471359,75,5,1,Inactive
915137eb-6212-402a-b1c4-07a0ed08315f,Amanda Ballard,caroljohnson@example.net,001-866-229-8027,1,2,2,2025-01-08 09:44:38.119560,2025-03-02 17:54:19.339126,87,8,1,Inactive
d8d55a9a-7df4-47e1-b37e-4e05aace40d7,Dana Foster,david74@example.org,(962)590-7689x77777,0,1,0,2025-02-22 10:06:39.232396,,84,5,2,Inactive
461f7cec-ee9d-4c55-8448-ee4ea6faacf9,Sergio Hart,morganpatricia@example.net,+1-548-698-5994x989,3,4,0,2025-02-02 05:36:50.096510,,59,7,2,Inactive
ee311916-41ee-4465-b505-de6e8f29355d,Cheryl Green,velezjames@example.com,(780)860-4451x2155,4,5,1,2025-02-18 14:14:45.394051,2025-02-13 16:27:14.339135,73,6,2,Inactive
0cac64cf-57f2-4333-9823-dd61bf8772f8,Deanna Smith,not_provided@example.com,9154538284,4,5,1,2025-01-05 04:28:13.866188,2025-03-11 18:16:17.878803,73,6,1,Inactive
631b61c4-dec0-46fe-a007-0a1c1d67da6d,Timothy Watkins,jhays@example.com,(582)283-3855x7016,1,5,2,2025-03-13 21:23:15.944141,2025-02-07 14:30:35.938801,73,8,3,Inactive
130c57f7-3dd3-42e7-a04e-4f898f09e278,Unknown,vargasmichelle@example.org,000-000-0000,4,0,0,2025-01-31 07:11:12.101623,2025-03-05 16:27:56.313859,75,6,1,Inactive
888e7f13-cf76-49ba-a1c0-cfd9c55d526e,Terry Rice,pbailey@example.com,(938)207-1326,4,1,0,2025-03-08 23:39:57.618092,,84,6,3,Inactive
34c39211-9f8e-4b85-84a7-537fd32a88b0,Dr. Ralph Huynh,ericrios@example.net,(977)260-6967,0,3,1,2025-01-26 10:21:21.644080,2025-01-31 06:14:07.386457,52,5,1,Active
f74450b6-04d9-4f1e-a5a9-ea2f2a4a79f0,Courtney Valentine,kennethgrimes@example.com,680-424-4360x870,4,6,1,2025-03-04 10:26:38.122783,2025-01-05 03:03:55.233831,70,6,3,Inactive
68a3bfda-aef7-4dfa-96c0-b173bbfbaf71,Robert Wagner,ericgreene@example.com,+1-546-401-5814,1,0,0,2025-01-09 01:53:54.269160,2025-02-13 06:06:22.676102,75,8,1,Inactive
816d7631-78fa-4a7b-a069-47c5e54c70a4,Maria Nguyen,hwright@example.org,001-580-818-7986x886,1,4,0,2025-02-15 18:30:12.679719,,59,8,2,Inactive
7c02b84a-7fb3-468c-8747-c18d83b8b57a,Linda Spencer,pcampbell@example.org,001-657-751-5934x176,4,5,2,2025-01-15 13:55:20.343338,2025-01-26 21:54:52.989109,73,6,1,Active
652728d5-110f-4713-882d-a7e5e3d6778a,Jeffrey Williams,amanda73@example.org,000-000-0000,3,3,0,2025-01-12 19:03:44.824614,2025-03-21 02:54:22.838662,52,7,1,Inactive
f3409a2f-dc91-41b3-8f23-4218beae6ff4,Samuel Huffman,patricia99@example.net,5369881716,1,2,1,2025-02-13 09:51:38.331004,,87,8,2,Inactive
22d5f7f7-d4c4-4eb8-9d5b-f888094947d4,Hunter Lee,gibsonshannon@example.org,620.552.1006x931,0,2,2,2025-02-22 00:40:49.143333,,87,5,2,Active
692be020-c5a1-4c13-903f-d78a20bd4424,Jessica Lewis,charlesbrown@example.com,351.277.9248x5013,4,2,1,2025-01-17 02:47:35.535657,2025-01-14 13:56:57.821171,87,6,1,Inactive
4dda3000-397e-46ad-b52b-cce8e069b822,Thomas Jones,victoriavincent@example.net,4858367095,3,1,2,2025-01-01 21:27:52.013863,2025-03-01 00:49:17.601445,84,7,1,Active
7de7cf56-3b4e-43eb-9394-ef8b39e92197,Michael Caldwell,turnermelanie@example.com,973.291.9238x620,3,2,1,2025-03-07 03:00:26.416230,2025-02-03 01:56:33.534369,87,7,3,Inactive
2adebc5a-e563-42a1-8870-caa48afe58bd,Philip Ferrell,rodriguezpatricia@example.org,000-000-0000,3,1,0,2025-02-27 02:34:49.013487,2025-02-08 10:44:30.940810,84,7,2,Inactive
41efdebc-ace1-445f-ab45-e3e84308fe86,Brian Walsh,gregorythomas@example.org,908-574-5282,1,6,0,2025-01-17 21:36:12.027511,2025-03-12 09:03:39.931859,70,8,1,Inactive
4cc017b3-660a-4b48-a055-ffdc17510e44,Christine Duncan,brianflores@example.org,+1-223-752-4732x506,3,6,2,2025-01-05 01:29:30.206780,2025-02-03 01:05:15.136804,70,7,1,Active
859efc66-52e1-40be-b4eb-9cb316581b3a,Ryan Wagner,abarton@example.org,+1-947-210-7060x862,1,3,1,2025-02-19 14:11:54.275996,2025-01-09 10:25:07.878424,52,8,2,Inactive
0c418f1e-87fe-45b3-8348-f4e31797f342,Penny Smith,sweeneywayne@example.net,(281)748-7847,3,1,2,2025-01-04 03:30:03.645096,2025-01-14 07:20:59.804638,84,7,1,Active
44e376b1-9d89-4906-87a7-a9f9e3e84306,Sarah Barber,jorgeharris@example.com,000-000-0000,3,1,0,2025-02-09 03:59:04.155992,,84,7,2,Active
b81243b7-9981-4043-b924-883b7e8fdafb,Rebecca Avila,not_provided@example.com,270.237.4754x033,3,0,2,2025-01-18 14:24:26.259906,2025-02-06 21:50:54.039440,75,7,1,Inactive
98390e83-91ec-48d5-a1ed-e73d69f8a392,Victoria Manning,jeansoto@example.net,802-761-3605x04831,4,1,1,2025-01-06 00:35:15.038058,2025-03-20 07:01:34.088964,84,6,1,Inactive
fe8ef0b1-692c-46d7-8d3c-26bdd21352ae,Holly Sutton,carol39@example.org,351-707-7704x923,2,0,0,2025-01-27 04:46:01.560219,2025-02-08 14:21:28.680182,75,4,1,Inactive
0c0da405-ab8f-4a24-8038-a11895080f78,Amber Smith,alexandriagonzalez@example.net,(220)703-1014x5379,2,3,0,2025-02-11 21:48:32.565496,2025-03-04 14:09:49.125071,52,4,2,Inactive
5f30d057-0f76-42ac-abb5-79a252f104e4,George White,howardzachary@example.com,(393)844-8249x080,1,1,0,2025-01-26 15:49:53.296732,2025-03-03 08:40:09.503152,84,8,1,Inactive
3bd9395e-10fa-476c-9d17-91e560043bf8,Bobby Cox,davisgarrett@example.com,+1-504-875-7276,2,6,1,2025-02-20 15:02:46.918469,,70,4,2,Inactive
b6eab9c3-2e2e-43d5-8986-50ad76ac5d1b,James Gonzalez,ttaylor@example.org,000-000-0000,2,2,1,2025-01-29 23:16:09.528815,2025-02-14 22:39:45.090629,87,4,1,Inactive
32b8ab21-2d76-4965-9e45-5870d422ddab,Andrew Morris,not_provided@example.com,+1-365-433-2193,2,0,1,2025-02-10 13:03:37.759582,2025-01-12 16:19:13.325635,75,4,2,Active
cfd7df71-e604-48e9-932a-680575be3ee4,Aaron Miller,kristenburnett@example.net,001-793-694-8717x6627,2,5,1,2025-02-04 03:22:34.433167,2025-01-11 00:11:14.242414,73,4,2,Inactive
de89a661-56c4-46ed-8655-d6f68762c650,Brian Nelson,lmcneil@example.org,696-759-0838x7949,1,2,2,2025-02-24 17:47:35.666885,,87,8,2,Inactive
9e91fa40-539a-4fd6-a71e-c605faae65e4,Brian Ortiz,michael50@example.net,799-752-4285x459,0,1,0,2025-01-12 22:09:58.918445,2025-03-05 20:45:02.306237,84,5,1,Inactive
c0cd0a91-41dc-4727-b055-de8d9522de71,Jaime Schmidt,samanthahebert@example.net,(697)620-8266x5739,0,5,0,2025-01-05 17:42:59.487125,2025-02-01 03:04:38.257844,73,5,1,Active
d49fa3b8-b5ca-4a2d-8964-febb58adfa6d,James Fields,nicolelee@example.net,(408)703-4932,0,2,2,2025-02-21 22:12:56.703851,2025-01-04 23:42:53.576941,87,5,2,Inactive
bee6c457-b054-4045-960c-254584cefe74,Amanda Smith,dbaker@example.org,403-365-7162x553,2,6,0,2025-01-22 10:13:22.892493,2025-02-01 06:26:03.898966,70,4,1,Inactive
3d1cf85a-f86e-4244-b904-834f2a137497,Olivia Salinas,kmoore@example.net,001-422-211-5753x7560,4,3,0,2025-01-30 13:22:41.831020,,52,6,1,Inactive
123d7a2b-8676-43a3-aefc-f30e0ef667fe,Unknown,brianwilliams@example.net,001-281-601-2940x6133,2,1,0,2025-02-17 01:53:57.286932,2025-01-23 23:49:09.882503,84,4,2,Active
32342fb2-b1b0-405f-94e8-9e785d67b929,Keith Davis,villawilliam@example.net,870.790.0621x645,2,2,2,2025-03-14 16:57:16.951313,2025-01-11 04:48:48.402155,87,4,3,Active
2120e268-4969-4012-b1e7-6ab8c826675c,Lucas Vance,benjaminunderwood@example.org,(500)691-4968x75535,4,6,2,2025-01-17 08:15:23.271110,2025-03-12 21:46:38.524494,70,6,1,Inactive
a320e903-bd22-4ab2-b3a7-6347b6e4fe1c,Marvin Stanley,cheyennecarter@example.com,739.900.6129x7403,2,5,1,2025-01-05 19:34:03.829926,2025-02-21 10:55:57.013968,73,4,1,Inactive
4504161b-158c-43ad-8e9d-eeb69c383888,Paula Wilkins,jyoung@example.org,936.843.2592x2071,0,3,1,2025-01-08 07:42:20.410846,2025-01-04 04:55:19.273502,52,5,1,Inactive
1fc8b9a6-188b-4cc4-bc81-92016a025f9d,Jennifer Combs,sarahjones@example.net,557-893-5157x19175,3,5,0,2025-02-07 08:22:29.789381,2025-01-13 22:09:18.157872,73,7,2,Inactive
366ec67e-746d-489c-b51d-0348f74c0bca,Charles Rangel DVM,beth16@example.net,(834)926-3271,3,2,0,2025-01-15 17:15:41.598728,2025-01-30 01:05:19.906699,87,7,1,Inactive
3820dc1f-5044-40e6-a9f1-2ff962a93140,Unknown,ffoley@example.com,+1-467-676-8455x7482,0,2,2,2025-01-09 15:09:49.936954,,87,5,1,Inactive
20fabbd7-cef3-4da1-b6f1-185ed51f2fa7,Anthony Ray,eric04@example.com,000-000-0000,2,5,0,2025-03-08 11:13:08.539573,,73,4,3,Active
a68c82e8-e993-40df-bacf-aca1c9b32d67,Unknown,navery@example.org,455-447-5661,3,6,2,2025-02-06 18:46:33.240018,2025-02-27 23:49:27.449784,70,7,2,Active
6dee4d2b-773d-4e38-8067-9c4a077536f6,James Hardin,kellylawson@example.net,000-000-0000,3,1,0,2025-01-23 13:34:31.667295,2025-03-10 06:46:17.781370,84,7,1,Inactive
9008005f-971b-48bb-bbb5-3705c52f3a87,Lisa Bartlett,not_provided@example.com,+1-324-904-0060,0,6,0,2025-01-23 01:34:01.527167,2025-03-18 22:57:55.741094,70,5,1,Inactive
ae4301dc-f221-4105-9dc8-375f5ff533a9,Shawn Davenport,archerbryan@example.net,717.267.3867,0,3,2,2025-01-28 00:17:05.074482,,52,5,1,Inactive
162cc752-712f-4153-a241-12b056d0fc11,Cheryl Gordon,riosdeborah@example.com,(211)731-1874x10731,3,1,2,2025-01-18 14:42:40.687898,2025-02-08 12:52:50.084997,84,7,1,Active
9d63a068-bbab-4472-8122-32ee4c6fbe27,Daniel Watson,bankselizabeth@example.net,711-712-2435,0,6,0,2025-03-16 20:09:04.583939,2025-02-10 03:27:40.378832,70,5,3,Inactive
76018235-dae9-4e9a-91ee-711df5347b3e,Kevin Flowers,masonian@example.net,(674)303-1189x4732,1,0,1,2025-01-22 23:34:08.084043,2025-02-10 06:48:19.614049,75,8,1,Active
b4e8ffab-5754-4239-9f85-dd7d5d093da9,Stephanie Stevens,mackmary@example.com,000-000-0000,2,0,0,2025-02-19 14:46:27.024512,2025-01-05 19:45:35.499925,75,4,2,Inactive
50f2209f-c8df-449d-ac80-cee629913bb5,Jeffery Leonard,vargasjoseph@example.org,+1-288-425-8420x28947,4,4,0,2025-03-12 14:08:52.224738,2025-01-24 18:02:30.883945,59,6,3,Active
bd9b86d7-533c-493f-92dc-3aa447d7700f,Krystal Figueroa,brittanymclean@example.com,965-253-3686x42357,3,5,1,2025-01-01 03:01:22.265109,2025-01-31 19:14:20.470488,73,7,1,Inactive
e1104d2b-817e-4f88-acc4-401416da47d7,Jeremiah Hall,barnold@example.com,(535)366-3338,4,0,0,2025-01-17 01:23:27.804039,,75,6,1,Inactive
a989f332-76fa-4c2a-8dd7-3f8cce35848a,Janet Larson,daniel32@example.org,001-516-345-1812x79274,4,2,0,2025-01-17 19:48:04.183704,2025-02-25 22:01:05.533497,87,6,1,Inactive
6556bc0d-24bd-4445-bcfe-90ede5f092d6,Crystal Williams,wdowns@example.org,8722873053,1,4,0,2025-03-17 19:41:02.752999,2025-03-20 09:16:53.433760,59,8,3,Inactive
ad93e310-af0b-4062-8dc6-2800ffe7562f,Jason Mcintyre,heidi08@example.org,5053658587,1,2,2,2025-03-21 07:19:11.678472,2025-02-25 21:59:52.691170,87,8,3,Inactive
0f8f61a4-2663-4088-88d6-44b58e849353,Elizabeth Morse,not_provided@example.com,3193787374,0,3,2,2025-02-09 14:08:42.678797,2025-01-26 18:35:57.013348,52,5,2,Inactive
f9d7abf7-5350-46e1-a6d4-d5308adca4f9,Tamara Nelson,not_provided@example.com,(975)438-3900x433,4,6,1,2025-01-23 08:40:52.302467,2025-01-28 04:57:25.994890,70,6,1,Inactive
35bb9004-e33b-4526-9c28-f5d1e7cfd92d,Michael Williams,not_provided@example.com,+1-883-838-2708x4453,3,6,1,2025-02-11 14:22:03.540161,2025-03-20 12:51:27.991966,70,7,2,Inactive
c37989c3-201b-4c29-85ad-dc1df643a984,Cynthia Castaneda,virginia47@example.com,+1-333-376-4743,1,4,0,2025-02-13 18:02:27.354776,2025-03-11 05:03:54.698272,59,8,2,Active
94d9b626-d73b-4b7b-8fa4-065421888ad2,Ashley Garcia,marksmith@example.org,(367)398-5189x6386,3,2,2,2025-01-11 11:57:34.176361,2025-02-10 07:10:47.512496,87,7,1,Inactive
10263893-8065-499f-8cf2-6bc167f2f03b,Suzanne Williams,jamieclay@example.org,(214)767-7127x718,1,0,2,2025-03-07 02:45:35.511925,2025-02-17 14:06:49.694519,75,8,3,Active
bb9c4fcc-b524-4c0e-9a0a-3131553364d0,Randall Estrada,mortondaniel@example.org,478-351-6556,2,1,0,2025-02-01 08:41:41.417347,2025-03-03 15:52:29.510624,84,4,2,Inactive
694ca64b-9136-4812-8c2e-8cd97c126ae3,Daniel Garcia MD,tammy10@example.org,+1-404-769-1850,3,0,2,2025-01-20 23:34:32.533647,2025-01-11 08:47:32.268286,75,7,1,Active
73ac7613-4699-4e05-804b-960e46b8564b,Benjamin Castillo,pruittandrea@example.net,001-620-382-8506x718,4,1,2,2025-03-07 02:41:06.320322,2025-03-07 07:32:35.271569,84,6,3,Inactive
ad89386b-3541-42e1-bc93-a2e2f137f279,Lisa Barker,tonya64@example.org,568-407-2671,3,1,2,2025-02-13 20:57:14.365985,2025-02-09 02:17:24.267521,84,7,2,Active
2e03fd31-5d6e-4e68-bf59-6173d5bf928b,Alexandria Nunez,matthew23@example.com,(386)376-7468,1,5,0,2025-03-14 02:56:59.839246,2025-02-24 10:13:10.564795,73,8,3,Active
ed9809b6-048a-44f7-9870-148dbb1eeb5b,Miranda Brooks,brianmays@example.net,001-736-914-8766,4,2,1,2025-01-05 06:45:22.580351,2025-03-07 04:08:41.416537,87,6,1,Inactive
f39c579f-607c-4d11-acc8-d6c4343e231c,Gregory Hardy,samanthacurtis@example.com,845-868-9360x807,2,4,0,2025-01-15 10:41:13.367521,2025-03-02 06:21:06.606261,59,4,1,Active
34c1e868-226b-4252-b876-49a56019ee50,Christopher Bennett,amanda35@example.com,000-000-0000,2,0,0,2025-02-19 01:37:49.020914,2025-02-18 15:40:13.263314,75,4,2,Inactive
a0201ad2-cac8-4505-a9cc-aa16b8f60a69,Maurice Waters,danielrussell@example.org,548.652.7975,2,0,1,2025-03-17 07:28:45.359798,2025-02-16 21:14:40.806336,75,4,3,Inactive
c298b23c-9156-464e-950d-07e63a21a4c5,Dr. Brandi Garcia MD,annettegolden@example.org,+1-616-275-1034,2,5,0,2025-03-07 14:42:17.903525,2025-02-13 23:03:47.425021,73,4,3,Inactive
d426a944-e49b-4c2f-9a6b-611e47668c14,Nicholas Morris,danabryant@example.net,705-595-3896,1,0,1,2025-01-10 07:43:48.021205,2025-01-29 05:24:32.226477,75,8,1,Inactive
9df57db2-d96d-479e-b35b-a902c02c0ab0,Unknown,romeroamber@example.org,(445)246-2350,0,5,1,2025-01-21 13:06:41.878236,2025-02-16 00:17:12.657521,73,5,1,Inactive
2487f581-cfe7-4c3b-97c5-c2eebb675b0a,Joseph Hicks,pattersondavid@example.org,(918)216-6677x4932,1,0,0,2025-03-19 06:02:42.190716,2025-03-03 11:57:39.475658,75,8,3,Inactive
7212f6ed-c6dd-4be8-a509-6cbca2249cd4,Alejandro Wong,yball@example.org,(524)480-7743x33396,4,0,1,2025-02-28 02:01:04.419664,2025-01-02 11:10:22.285348,75,6,2,Inactive
a9e9be1f-0cfe-4b98-b441-6da0f7a07c25,Elizabeth Jones,bushdebbie@example.org,(334)832-2477x00866,2,2,0,2025-02-05 17:43:15.151748,,87,4,2,Inactive
a706900d-4c9b-493c-b5fa-099367d9644f,Drew Ruiz,wrightmitchell@example.org,000-000-0000,4,3,0,2025-02-03 07:53:23.253872,,52,6,2,Active
cbf3b68a-07e4-4086-bfe2-c95fa7139278,Jason Williams,riverajeremy@example.com,417-721-0731,3,3,1,2025-01-29 06:48:09.262188,2025-03-16 09:11:28.055932,52,7,1,Inactive
6a680e46-265d-4658-917a-513fbbc7225b,Brian Townsend,kathy47@example.net,(471)874-2930x91274,3,6,1,2025-03-13 10:47:09.524724,2025-01-30 02:50:15.628937,70,7,3,Inactive
746cb175-c8bb-44a2-8fd0-c5d1d2aeb5c6,Unknown,glee@example.com,5884748844,1,6,0,2025-03-17 02:39:11.947406,2025-01-16 05:40:16.675762,70,8,3,Inactive
20a4712b-daf6-4438-bb51-e3840a5e056d,Alex Boyd,ysmith@example.org,(408)713-8927,4,2,1,2025-02-11 16:36:52.576761,2025-02-12 05:06:27.307400,87,6,2,Inactive
c72a8e26-f395-497e-a5c7-b3eaa210ed49,Natalie Dorsey PhD,aaronjones@example.com,(539)849-5261x535,1,4,2,2025-02-27 01:47:41.932667,2025-03-21 11:33:32.861263,59,8,2,Inactive
3401790a-e699-4f79-98b2-2ed2935fc64d,Jonathan Webb,johnsonkelly@example.com,612-242-8647x398,1,5,0,2025-01-15 14:47:27.215487,2025-02-27 20:27:58.491021,73,8,1,Inactive
4e086256-9b7f-4c80-906d-70ddf2c6b26f,Breanna Jefferson,darlenecooper@example.org,+1-377-405-3304x99859,4,4,0,2025-03-06 01:22:38.167068,2025-02-25 02:14:45.663102,59,6,3,Active
aa86dba4-bb5f-4844-8f66-1a28cdbcefcd,Julia Sandoval,gtate@example.com,+1-810-387-5461x56447,4,0,0,2025-03-18 03:00:46.762686,2025-02-20 06:39:53.084309,75,6,3,Inactive
81fbdf12-1984-4ffc-a3e3-cb52f2d945ab,Taylor Anderson,wmayer@example.net,(498)282-6996,3,2,0,2025-01-18 06:12:54.188354,2025-02-07 04:11:02.958718,87,7,1,Inactive
c48cc6eb-dbee-4959-9aa4-20ac24f7867c,Jose Johnson,matthew99@example.org,2505221455,0,4,0,2025-01-28 21:37:50.465863,2025-03-16 23:56:52.576466,59,5,1,Inactive
95448a73-4f5e-41e1-97d0-22de8b6cc20f,Michael Watkins,lbutler@example.net,252.575.4926x181,2,6,1,2025-02-26 17:50:49.452207,2025-01-19 06:20:39.758777,70,4,2,Inactive
689e9f77-689f-4a2d-b3ec-267649f25260,Unknown,lisa56@example.org,(761)799-7858x35617,3,2,2,2025-02-21 06:58:34.721634,2025-01-08 10:12:00.059820,87,7,2,Inactive
101b2b3e-8685-4309-b6c6-7927ff77d88a,Kevin Martinez,owhitehead@example.net,477-716-9823x703,2,1,0,2025-01-22 20:50:26.638243,,84,4,1,Active
6e9f35f6-dff6-4f82-9e13-1b6a95db38cc,Jennifer Lambert,chandlerrebecca@example.net,(224)238-3450x835,3,6,1,2025-01-15 12:00:21.359637,2025-02-27 19:55:26.849974,70,7,1,Active
f57e32b6-6368-42e4-9d78-617852e40a18,Rebecca Jones,robbinslucas@example.net,000-000-0000,1,2,0,2025-02-04 02:26:44.725165,2025-03-21 11:34:40.666061,87,8,2,Inactive
2aa18027-31f5-4e63-a662-5936b6fab44b,Melissa Nielsen,sean10@example.net,000-000-0000,1,1,2,2025-03-08 09:40:22.878050,,84,8,3,Inactive
0a88187c-2c6e-46a9-bb38-c21a42306a08,Evelyn Ruiz,isabella13@example.org,+1-380-535-3927,1,0,2,2025-01-11 09:13:47.963254,2025-03-13 17:02:16.085153,75,8,1,Inactive
032286e4-7a08-431d-b01e-f368157c7b73,Amanda Stephens,nathan56@example.org,001-534-502-5244x654,2,6,0,2025-03-19 10:27:49.747521,2025-01-16 16:51:02.714301,70,4,3,Active
74025f2d-4432-44e1-9e2a-ece181b87ca3,Matthew Wang,michael43@example.org,(603)426-6334x051,3,0,2,2025-03-09 08:57:35.010400,2025-02-23 12:42:29.858613,75,7,3,Inactive
3e226a84-3c38-49aa-a023-526b8a0a0f3a,Ariana Pierce,dawsonerica@example.org,001-735-606-7442x8956,3,4,1,2025-02-11 14:49:35.288069,2025-03-07 03:44:12.676922,59,7,2,Active
19c4692f-092e-4e83-94fe-565c4869e72a,Nicole Gonzales,david61@example.org,001-681-301-8975,0,6,2,2025-01-18 13:42:46.215301,2025-01-21 16:40:40.031369,70,5,1,Inactive
1c464ba0-543a-47f8-9b39-bff3ec958f28,Rhonda Sharp,mhale@example.com,838.989.5879,3,5,2,2025-02-18 22:03:44.495155,,73,7,2,Inactive
530f09f9-0eda-40fe-b760-9b0088658031,Leah Morgan,qgibson@example.com,734.805.5678,4,5,2,2025-02-26 22:04:00.377330,,73,6,2,Inactive
aa0aaf35-c981-4d1e-91b9-c07ce23dd929,Jennifer Moore,ncook@example.org,(540)740-2349x333,4,5,2,2025-03-05 05:16:51.788353,2025-03-03 19:39:39.098120,73,6,3,Active
474b67c1-55d3-437e-9686-db59f01c8e64,Joseph Estrada,patrick98@example.net,859.612.9880x263,1,4,1,2025-02-20 02:33:54.370715,2025-02-21 03:27:38.392871,59,8,2,Inactive
2900c0f0-1328-45c4-b3bd-d8378c84fdc3,Christina Lang,cynthianelson@example.com,959.768.7133x3762,2,2,0,2025-01-09 07:34:45.528078,2025-01-29 06:52:26.581252,87,4,1,Inactive
f0044d95-aca1-4e84-8641-9490e9023e4c,Susan Mcknight,matthew37@example.org,(802)668-6419,0,0,1,2025-02-20 07:12:20.985778,2025-03-05 00:31:26.020096,75,5,2,Active
95261778-fb22-458a-91da-f6cfcdf8b4a5,Scott Smith,jmoreno@example.com,357-773-4349,4,0,1,2025-03-16 20:04:04.280190,2025-03-12 06:43:11.135562,75,6,3,Active
48c65838-b0f4-40e6-9e59-8526938b4e65,Penny Owens,smithkenneth@example.com,(495)706-4722x60522,1,6,1,2025-03-14 15:06:49.199060,2025-01-05 02:44:25.088309,70,8,3,Inactive
49f69aa9-4670-48ae-8c1e-4608b18b5f9a,David Campbell,sdyer@example.net,914-501-7266,4,2,2,2025-01-21 14:11:59.559782,,87,6,1,Inactive
e1b114fa-e023-40bd-bce4-0cdec523d350,Valerie Fitzpatrick,jessica19@example.com,000-000-0000,0,2,1,2025-02-26 01:46:19.056356,2025-02-13 19:43:38.221904,87,5,2,Inactive
9bb40c5f-62c8-4d4e-b31d-edfc0b03015d,Jose Jones,bradleyblanchard@example.com,+1-370-866-3461x0397,3,0,1,2025-02-23 03:39:09.692350,2025-01-31 14:58:53.443980,75,7,2,Active
b457930c-872d-40d2-8fd7-8fabd11d463c,Bernard Cruz,not_provided@example.com,711-995-3012,0,5,0,2025-02-17 01:45:08.668369,2025-01-03 19:47:55.772737,73,5,2,Inactive
2ab5b757-d2e5-4672-bd81-a602f0e952a1,Shane Morgan,davidtaylor@example.net,+1-435-755-5746x3582,0,3,0,2025-02-28 04:04:58.876103,,52,5,2,Inactive
5765e182-50b4-4d61-82e6-23e7b0d422f5,Brent Ochoa,cummingsandrew@example.net,001-277-527-7717x52688,0,5,0,2025-01-04 13:10:56.266018,2025-03-11 03:51:10.118712,73,5,1,Inactive
c573bd90-ba9a-45fb-ac73-41570c5c0a11,Thomas Thornton,mnunez@example.org,209.406.8296x7714,1,1,1,2025-01-06 19:20:52.223434,2025-01-28 10:17:23.172343,84,8,1,Inactive
464c3851-a766-4869-b100-dd58487b95b3,Amy Waller,james47@example.org,(302)246-9111x48108,1,5,0,2025-01-25 02:38:26.458178,,73,8,1,Inactive
03aa57e2-340a-4a62-bdc6-06e346c8a46d,Unknown,michelleramos@example.org,(759)914-6846,3,1,0,2025-02-26 17:06:35.247687,2025-02-20 19:39:03.842113,84,7,2,Inactive
d9f29112-76cc-42e8-afe8-62da30cac019,Alexander Solis,umartin@example.net,791.919.7795x7978,0,1,1,2025-01-08 12:47:50.993826,,84,5,1,Inactive
5cff6118-1d09-4036-b772-4f2d14f8994b,Michele Foster,wanda67@example.com,312.854.3384x3391,2,6,1,2025-03-08 17:55:47.525658,2025-01-11 09:16:15.090077,70,4,3,Active
257a73c8-405b-4dea-b2b5-4a051c951e81,Jose Johnson,sara45@example.com,(603)678-2359,1,6,1,2025-03-05 19:47:45.692854,2025-02-19 05:16:16.584855,70,8,3,Active
2b1d5469-7240-4efb-b893-1707a0250d02,Corey Marshall,angela04@example.com,(404)324-1459x4234,1,0,2,2025-03-01 21:39:44.692167,2025-01-03 12:42:36.714926,75,8,3,Inactive
9dd2a8ca-93ab-4a0e-bb40-e209da301def,Beverly Young,qhogan@example.net,001-537-776-8610x23222,2,0,1,2025-03-08 12:42:33.481073,2025-02-05 04:32:01.622093,75,4,3,Inactive
cbcadc9f-cd63-4c81-8097-04bcfc80c0b3,Aaron Francis,houstonyvette@example.org,(276)664-7394,1,3,1,2025-01-06 06:51:51.016996,,52,8,1,Inactive
fa2dc736-69b0-44fc-b9e0-7f55b34ebf3a,Juan Smith,kramerjustin@example.org,608-218-0278x9886,0,2,2,2025-03-15 20:57:36.072821,2025-02-16 14:13:24.908273,87,5,3,Inactive
68291b67-30f8-4dac-8205-4bc8adf8090b,Jennifer Baker,dakotamiller@example.com,637-339-6765x16607,1,6,2,2025-02-24 01:36:16.082168,2025-01-25 13:16:04.486035,70,8,2,Active
7a7a25c6-21fc-465a-9769-3b21474e0943,Jessica Dunlap,not_provided@example.com,871.462.8550x289,0,4,1,2025-01-11 02:25:32.420750,2025-01-08 23:58:13.405743,59,5,1,Active
3c299726-5e9d-4c42-91d9-bc9d831dae11,Ryan Evans,justin95@example.org,440-668-9968x059,2,1,2,2025-02-28 05:05:11.285046,2025-01-07 07:51:22.029489,84,4,2,Inactive
458974c1-6ccc-4740-9d44-25db31502695,Pamela Gray,hernandezalexander@example.net,(603)505-8604x72424,0,2,0,2025-03-08 15:21:31.463772,2025-01-17 11:15:52.894044,87,5,3,Active
eec89c79-ac23-45f2-a47b-b4ec4f9d5033,Curtis Martinez,cmorales@example.net,3382282966,2,1,0,2025-02-23 20:54:14.809702,,84,4,2,Inactive
bb6f1e58-9c18-4de5-a494-a263b7cb593a,Michael Trujillo,not_provided@example.com,(295)235-5281x9378,4,4,2,2025-01-22 21:15:39.070576,2025-02-16 13:40:32.379815,59,6,1,Active
e027583b-add2-4a50-9f42-a6ebac6e6b55,Allison Bell,uali@example.com,273.989.9870x34914,2,0,2,2025-03-09 15:23:41.442043,,75,4,3,Active
0e9daf43-09f2-4db7-9e52-475bbd544544,Brandon Ramos,kenneth26@example.org,7178644213,0,5,0,2025-02-11 07:34:48.578061,2025-03-06 20:12:29.800624,73,5,2,Inactive
ad329400-1519-460b-aca6-ac9332f1f1d0,Ryan Sanchez,patrick73@example.com,001-955-230-2605,3,6,0,2025-03-13 16:43:37.702540,2025-01-22 23:11:43.962465,70,7,3,Inactive
11d398cf-d272-4715-9cfb-c5450e81a9a0,Mrs. Nancy Gill DVM,not_provided@example.com,(933)995-5039x058,0,1,1,2025-01-09 02:14:33.880577,2025-02-26 09:00:06.432497,84,5,1,Inactive
ffa9d6bd-f28b-4116-a2b0-fbc48ca7befd,Lisa Murphy,mario37@example.net,000-000-0000,0,5,0,2025-01-20 16:05:57.733383,2025-02-14 05:14:56.540245,73,5,1,Inactive
ee356d22-7dbd-4853-860f-71750bf8a4e1,Cameron Conner,not_provided@example.com,001-717-666-3098,4,3,2,2025-03-01 00:10:06.281276,,52,6,3,Active
ac03c978-a511-4def-8cfb-b797fcc7b2a6,Matthew Petersen,cthompson@example.org,323-790-8210,0,0,0,2025-02-05 14:45:42.740556,,75,5,2,Inactive
ad4a7907-8549-4b12-9090-682d58dbd9c2,Christopher Stuart,rachaelzavala@example.net,899.603.0169,4,5,1,2025-01-15 03:40:17.347145,,73,6,1,Inactive
223b76e4-bac5-4765-9565-9125ff6573e8,Molly Davis,megan28@example.org,001-467-575-4021x28046,1,2,1,2025-01-24 12:58:53.393771,2025-02-18 05:17:18.866939,87,8,1,Inactive
c64e1a35-efa3-4451-93d9-316e180e0270,Robert Perry,sweeneydarrell@example.net,001-889-485-6118x0435,2,6,0,2025-02-16 00:32:02.351843,,70,4,2,Inactive
79215f33-9dce-4b5b-9ee7-b533a0bf03b1,Brian Scott,carterdeborah@example.net,+1-861-372-0669x456,0,6,2,2025-02-02 06:04:09.888297,2025-02-10 07:53:35.128795,70,5,2,Inactive
47d664ee-3082-473d-8e49-7979bbdb5152,Michael Page V,not_provided@example.com,505-850-3997x172,0,4,0,2025-02-03 14:21:35.103512,2025-03-12 16:22:41.504415,59,5,2,Inactive
6c40b6e1-1bb2-4159-aa78-b9d1ecd61ba0,Melissa Stewart,burnsdaniel@example.org,+1-427-261-8798x06457,3,4,1,2025-03-17 07:48:01.403175,2025-02-21 18:38:06.742087,59,7,3,Inactive
ade09c5a-4293-4ab3-8ee9-7fdd8bed55ff,Cody Liu,tracy16@example.org,+1-800-449-1440,0,1,0,2025-01-14 00:02:04.208640,2025-02-05 17:48:54.443543,84,5,1,Inactive
7b06aec1-4a34-4342-a971-5a1f384985eb,Virginia Hart,johnsonamanda@example.org,(437)397-4865x418,3,2,1,2025-02-10 02:58:25.825528,2025-01-18 01:27:09.575752,87,7,2,Inactive
321bf4ec-12b3-4ed7-b56d-c0970642de10,Tony Mercado III,williamsalexis@example.com,888.566.9220,2,0,2,2025-02-20 02:26:51.264558,2025-02-04 13:59:00.098770,75,4,2,Inactive
cd7aca88-e55e-44b4-bb92-a52ef77af761,Jonathan Rodriguez,caroline11@example.net,001-620-536-9051x90379,3,5,0,2025-01-03 17:27:12.196177,,73,7,1,Active
52c917d0-b038-4c39-87e2-6a7c09e4ee53,Monica Hernandez,lwilliams@example.com,+1-484-884-9768x62922,3,0,2,2025-03-15 03:59:39.750034,2025-03-20 16:50:39.095697,75,7,3,Inactive
37ac62c0-bf9e-4fe8-ac86-51405450becc,Jesse Willis,cwashington@example.org,+1-663-756-1058x305,1,4,0,2025-02-01 20:20:41.737373,2025-02-06 04:23:49.319602,59,8,2,Inactive
a07f16f0-782d-4b44-abda-d8dc68b80869,Unknown,kevinnorman@example.org,350.460.7140x24080,0,2,2,2025-03-14 21:57:01.403125,2025-03-13 01:29:00.672215,87,5,3,Inactive
630ead04-e02c-46b4-8892-b5cd63bc2f61,Kathryn Bradley,daniel22@example.com,000-000-0000,4,1,2,2025-02-12 20:39:55.915492,2025-01-27 21:55:23.589481,84,6,2,Active
2bbc4308-5db8-4276-a897-343c6f315e8f,Maria Gonzalez,thicks@example.net,8615397460,4,2,2,2025-03-18 01:44:32.221781,2025-02-24 20:51:28.245893,87,6,3,Active
c485c186-9845-42ba-82fb-373c332beab0,Alexander Singh,ymoreno@example.net,000-000-0000,3,2,0,2025-03-20 12:03:36.866845,2025-01-26 03:32:22.984970,87,7,3,Inactive
2bf59cfc-51d1-42dc-b8ad-01722462b369,Unknown,jon98@example.net,261-418-1595x24893,1,2,0,2025-03-10 13:21:11.547234,2025-02-15 23:12:49.133973,87,8,3,Active
620e96a1-a9ea-47ec-9e95-9da6c89144bb,Michael Wood,naguilar@example.net,+1-945-708-0758x58892,3,6,2,2025-02-16 10:57:37.695157,,70,7,2,Active
163ea9ab-8cea-4f7e-9ea6-9d63cc22086c,Laura Lam,shirleystevens@example.org,(321)575-7752,3,5,1,2025-03-10 11:41:03.049645,2025-01-15 00:18:22.471229,73,7,3,Active
e43f50de-6557-4291-bc09-f1c31e351ba3,Bryan Jones,danielle98@example.com,001-407-572-1607x66170,1,3,0,2025-02-22 07:02:14.970984,2025-03-05 21:52:02.155450,52,8,2,Active
df81023c-9608-4ee2-89dd-e13bce5e4477,Robert Page,rodriguezdavid@example.net,(534)246-7399,0,0,2,2025-03-16 21:42:58.424747,2025-02-25 22:54:00.109208,75,5,3,Active
6b5f4f09-c643-4e33-b169-4de868ee2048,Dennis Terry,sarahramirez@example.com,001-275-883-7652x527,0,5,1,2025-01-12 03:45:13.749675,2025-03-18 11:37:08.550933,73,5,1,Inactive
b0b7ca00-cd7c-4cd2-83ff-d095e1d381cd,Amanda Warren,bradley62@example.net,+1-688-767-5288,1,5,1,2025-02-04 03:22:52.956251,2025-01-06 05:00:40.795450,73,8,2,Active
045da6ce-bd59-4275-8161-1cb14b317bdc,Brandon Porter,tranmichael@example.com,+1-364-331-4003,1,0,2,2025-02-26 03:14:20.110942,2025-03-09 19:44:56.009095,75,8,2,Inactive
a054d69a-1971-4a10-bbc4-049d1bfe2008,Brian Williams,jeremy85@example.org,(314)371-4202x1335,1,3,1,2025-02-08 18:15:24.671232,2025-02-12 22:17:17.719841,52,8,2,Inactive
2b4b023f-abe5-4848-9c5d-e34257c8a895,Julie Morris,mackenzieross@example.com,864-299-6452x489,2,3,0,2025-03-19 18:45:22.183962,2025-03-09 02:12:45.128925,52,4,3,Inactive
ee869180-219f-42d1-9a21-c862790abac5,Kyle Gallagher,williamwilkerson@example.com,407.266.6197,2,6,1,2025-01-14 09:51:56.799767,2025-02-17 10:50:10.676880,70,4,1,Inactive
c346806a-0abc-4350-88f1-186ccdfbb06f,Michael Ryan,pughsteven@example.net,000-000-0000,0,3,2,2025-03-19 13:22:13.607185,,52,5,3,Active
02376450-3ae6-494c-8738-3578a0eb1a13,Lawrence Brown,not_provided@example.com,(371)531-1171,1,0,1,2025-03-02 05:16:35.717103,2025-01-22 12:13:18.160495,75,8,3,Active
92843e69-b941-423a-a0a5-c2e11162af3d,Jonathan York,michael87@example.net,001-886-248-9248x9830,0,0,0,2025-02-04 02:26:35.270006,2025-03-18 10:00:31.847921,75,5,2,Inactive
a9c296bd-7503-4e80-883e-524377d7b1d6,Lauren Knight,jeffreypena@example.org,8638982710,1,5,1,2025-01-06 03:50:41.315251,2025-02-04 14:33:43.780038,73,8,1,Inactive
f9446d4b-ce45-4c5f-bf1c-bc42e5f9545e,Anthony Glenn,kaitlyn79@example.com,000-000-0000,1,2,2,2025-01-04 02:58:40.322725,2025-01-23 08:23:00.405915,87,8,1,Inactive
bcfc9294-87c4-4b74-86da-12c13920023f,Jimmy Payne,xmorris@example.com,+1-677-870-9287x11924,2,3,0,2025-02-11 02:53:39.837889,,52,4,2,Inactive
5a552b12-a949-48aa-9f18-65b0a2f57e76,Patricia Hernandez MD,mrojas@example.org,+1-582-325-3476x271,3,4,1,2025-02-12 20:05:49.947010,2025-01-12 13:13:12.486522,59,7,2,Inactive
3bf37a4e-9de4-4c7d-b8c0-a1c19ade3a11,Scott Knight,elizabeth18@example.net,(859)531-7685,0,6,0,2025-01-07 23:26:50.031124,2025-02-16 04:50:23.227342,70,5,1,Active
40da577a-7029-4b08-bed0-90ce5a62924d,Rebecca Carroll,not_provided@example.com,388.345.1537x5401,1,5,2,2025-02-14 13:33:00.443985,2025-03-16 22:18:54.894313,73,8,2,Inactive
cb866b7d-55e9-45f5-93e3-45f73c4e50d9,Shannon Larson,glendahodges@example.org,987-809-6069,2,1,1,2025-02-27 10:37:09.390084,,84,4,2,Inactive
97030f19-3cac-4e88-8194-fc451c0a4b63,Tamara Dougherty,theresahoffman@example.org,5495540960,4,3,2,2025-03-18 04:51:27.584810,2025-01-23 16:20:55.923865,52,6,3,Active
70e5f522-939f-4d90-b91e-47ab668434e9,Cassie Alvarado,not_provided@example.com,001-661-548-4333x066,0,3,1,2025-03-20 05:53:56.819544,2025-03-20 19:10:30.368937,52,5,3,Inactive
12fc9a21-4dda-49af-af79-9cbca238f005,John Perez,melindamorton@example.net,001-715-515-5945x3810,0,0,2,2025-03-08 09:28:08.131615,2025-01-09 11:04:44.628005,75,5,3,Inactive
606dffac-5e33-4f62-89d1-1b51b3eebee8,Trevor Navarro,hudsondavid@example.com,001-369-520-2882x3438,2,3,1,2025-02-17 19:56:48.192497,2025-02-11 13:56:42.780364,52,4,2,Inactive
b26b9a6c-b0bd-4192-9d8d-7824d331cd1e,Justin Ramos,not_provided@example.com,903-203-7882x80334,2,6,2,2025-02-07 16:32:43.377663,2025-02-13 02:13:35.106990,70,4,2,Inactive
b368f28f-c706-48a1-a374-1bfc519b3dd1,Walter Jefferson,arroyobarbara@example.org,(849)366-1729x868,3,4,0,2025-01-31 19:04:04.966245,2025-03-16 13:27:15.458761,59,7,1,Inactive
ab15d1a1-8cf1-4955-bf86-e111d864712d,Jordan Moore,johnsonlisa@example.org,000-000-0000,4,1,1,2025-01-13 01:07:17.993546,2025-01-06 14:11:51.226590,84,6,1,Inactive
1c12b64c-eee8-4cab-98b7-f359f2f0bada,Unknown,tstrickland@example.com,+1-575-829-0121x140,1,5,2,2025-02-20 13:58:43.108507,2025-01-05 00:59:48.757863,73,8,2,Inactive
0722de1b-9c67-4e46-977c-8bafca79c3d5,Mark Cooley,millerapril@example.net,866-282-0191x66452,2,3,2,2025-01-01 07:39:29.397433,2025-01-03 18:57:02.724660,52,4,1,Inactive
cf610add-fdde-4550-8dbf-783e2820700d,Robert Blake,heathermitchell@example.net,363-565-7524,2,0,2,2025-01-21 18:12:37.472718,2025-02-20 08:28:45.983806,75,4,1,Inactive
cb092d71-928d-4921-8b34-7f59910eadb8,Matthew Frank,michael75@example.com,385-571-6520x816,2,0,2,2025-03-14 07:01:24.523857,2025-02-28 18:50:04.642386,75,4,3,Active
47fc74eb-4c83-4319-92ff-8e94553e9fdc,Christopher Holloway,rachel90@example.org,001-634-239-3034,2,2,2,2025-02-09 11:18:14.144768,2025-01-07 13:32:32.703346,87,4,2,Inactive
68dc6893-2fec-4be0-ad7d-0b5d60ba6e24,William Weiss,steinstephen@example.org,+1-367-207-5395x8085,4,0,0,2025-02-26 07:26:30.615087,2025-02-24 15:14:59.995264,75,6,2,Active
ad4f8a68-58ad-4896-88ea-2d719b253c4a,Unknown,ricenicole@example.org,593.512.6279x57611,1,4,0,2025-01-21 22:00:28.975593,2025-02-11 15:13:44.271713,59,8,1,Inactive
fa3e582a-1cba-42f4-85fe-b49c92b298c9,Jennifer Chen,morgan78@example.net,001-564-595-8956,4,5,2,2025-03-20 02:05:02.916956,2025-01-27 07:17:20.674741,73,6,3,Inactive
c8329aed-3706-490a-925e-817cebd85f02,Nicholas Miller,mcdanielcharles@example.net,+1-574-584-0354x01768,3,3,2,2025-02-20 17:21:55.619184,2025-01-09 14:46:10.113097,52,7,2,Inactive
b2b27a40-d2ee-4e52-b313-c69b71938607,Gregory Bennett,timothy97@example.com,+1-423-673-6558,2,4,0,2025-01-27 17:01:16.475925,2025-02-26 01:30:06.979841,59,4,1,Inactive
6cf13780-3479-4d5f-a105-072c15aeeb22,James Curtis,harrisontodd@example.com,(782)924-7246x00740,4,1,2,2025-02-19 12:53:29.743018,,84,6,2,Active
283b7242-5b00-4836-aeae-70fadbdb2869,Elizabeth Walters,maddenanthony@example.com,(680)236-5518x32524,0,4,1,2025-02-15 08:43:21.344386,2025-01-25 01:32:08.568115,59,5,2,Inactive
63bcb958-50cb-466f-a4d3-16ab54c377ce,Sarah Flores,smccormick@example.com,000-000-0000,3,1,2,2025-01-23 15:50:22.426537,2025-02-11 06:39:00.445741,84,7,1,Inactive
0776df6b-6184-4d19-a949-4fbc4df0f5bd,Matthew Patel,qcase@example.com,603-521-1430x0030,0,2,2,2025-03-10 20:03:29.848698,2025-01-12 05:59:38.394606,87,5,3,Inactive
79b42552-baf8-4afe-bf4b-9af56a1f082b,Madison Townsend,not_provided@example.com,(832)693-1577x453,2,4,1,2025-01-19 07:15:29.128008,2025-03-02 18:04:17.525169,59,4,1,Active
2591ce8f-65e2-4e6c-9c7b-4eed200c835c,Billy Medina,moralesrobert@example.org,001-269-476-3061x73485,1,0,0,2025-01-27 00:27:38.230542,2025-02-12 17:09:38.547415,75,8,1,Inactive
4beed82f-4fcb-4b0b-9c06-e9dbdca18369,Sara Rivas,robinsoncameron@example.org,(856)920-1624x1989,2,5,0,2025-03-15 10:31:39.659434,2025-01-21 06:07:11.637619,73,4,3,Inactive
aed5e465-4abc-4349-adc3-ff6a754195ca,Larry Thomas,deanmann@example.org,449.507.8519x87160,2,6,0,2025-01-24 15:47:25.349203,2025-01-31 23:25:45.229455,70,4,1,Active
f007b850-9874-4e89-9d12-3c2550648796,Chase Murray,benjamin53@example.net,001-955-651-3174x9933,0,5,0,2025-02-26 10:48:44.296587,2025-01-08 07:05:12.208735,73,5,2,Inactive
25657646-6a1c-47c4-8a68-34b6c2b37b6b,Tina Ward,dianabrandt@example.net,(846)569-7027,4,2,0,2025-03-01 09:08:49.400138,2025-01-09 06:02:40.414630,87,6,3,Active
002a8de9-c880-4007-ad0e-09724d9197d3,Brian Boyd,samuel48@example.com,001-269-224-1711x04803,1,6,1,2025-02-04 11:39:29.085625,2025-02-20 19:36:00.501175,70,8,2,Inactive
a309dfef-b5b1-4120-b12f-64ffe098c4bc,Jeffrey Garcia,mwolf@example.com,(660)787-1038x7394,0,6,0,2025-01-25 00:07:26.375602,2025-01-23 01:17:14.814130,70,5,1,Active
907c53ab-0e78-4f64-86d0-8b92d9b800b4,Stephanie Rivera,ehunt@example.net,+1-769-350-3159x1841,2,3,0,2025-01-15 00:37:22.558559,,52,4,1,Active
4d19722e-964b-4c21-bb73-d7a72115a65b,Amanda Hill DDS,pcobb@example.com,+1-749-621-8838x620,2,6,0,2025-03-02 12:08:03.957144,2025-01-13 21:56:50.615311,70,4,3,Active
acc1618b-0134-48b5-9df0-3363133ff0d4,Benjamin Graham,ldixon@example.org,396.975.6705,0,0,0,2025-02-10 11:32:12.414779,2025-01-17 17:05:07.689346,75,5,2,Inactive
0758faf0-1280-420e-bd96-a0dc8f1701a1,Kimberly Walter,jacobwalker@example.com,799-930-1721,0,0,2,2025-02-04 22:33:38.504620,2025-02-20 19:10:28.580736,75,5,2,Active
78369733-bd00-4d5f-9083-f14a400c51c0,Unknown,amandabridges@example.com,656-854-9323x9993,2,0,0,2025-03-06 01:33:53.687753,2025-03-17 18:41:55.935441,75,4,3,Inactive
34c6f23b-7060-482e-9a20-2968c530f1d5,Sharon Powell,vickie46@example.com,+1-327-348-0242,2,0,2,2025-01-01 17:59:02.713107,2025-03-05 11:58:51.881042,75,4,1,Inactive
529ec1dc-7fd3-496d-b835-c88d800dae1a,Adam Marsh,julielewis@example.org,001-908-389-7661x3693,4,4,0,2025-03-18 11:34:12.361072,2025-01-30 12:08:44.947428,59,6,3,Inactive
6aa4842a-be98-4446-8a39-f1ec53e0819d,Robert Rasmussen,joelwilson@example.com,289.575.2144,3,3,0,2025-03-06 00:58:54.608538,2025-02-13 04:01:58.093654,52,7,3,Active
fba111ae-d896-4be2-a861-ecf25ca3430b,Adam Simmons,not_provided@example.com,(900)939-2943,3,6,2,2025-02-28 20:29:52.161703,2025-02-13 04:47:08.222169,70,7,2,Inactive
30bca1b1-e3d7-48a2-bac5-bf25de4c31e8,Joshua Carter,jonesrandy@example.net,000-000-0000,1,4,2,2025-01-28 14:33:43.812438,,59,8,1,Active
efc6cbff-caae-4ed0-87c0-82bc6dcae6f3,Beverly Garcia,lynn32@example.org,675.809.2277,3,0,1,2025-01-14 08:44:45.350331,2025-02-26 04:45:35.650238,75,7,1,Inactive
8fccdc6f-c4b2-4eb1-bba5-c9d388a4be67,Zachary Nelson,kathleenevans@example.com,846.917.6087x4539,1,6,1,2025-01-18 23:03:15.073081,2025-03-04 10:31:22.475227,70,8,1,Active
30c8afc8-e5ff-4fdd-8f64-828ebc213317,Kim Brown,nmartinez@example.com,215-815-7591,4,5,2,2025-01-01 13:55:42.221109,2025-01-27 17:40:41.976721,73,6,1,Active
b376fddc-51ab-4ec0-b627-6c9ae5c19768,Sarah Miller,ihall@example.net,000-000-0000,0,1,1,2025-01-18 14:05:00.427262,2025-01-23 06:28:46.374392,84,5,1,Active
d9dc35a3-868a-4eba-b5dc-0707f2967fd2,Amy Gordon,jmartin@example.com,+1-667-492-6095x293,3,5,1,2025-02-13 16:57:34.557423,2025-03-12 10:27:51.949153,73,7,2,Active
ae639e78-f1b9-482c-89a7-862fad0a3810,Kimberly Hill,popekathryn@example.org,(825)780-0936x2162,0,2,2,2025-01-09 09:35:31.315642,2025-03-19 11:47:59.243872,87,5,1,Inactive
e3faff4a-3052-49e5-ba81-983b8fb498a1,John Barrera,heather75@example.com,001-972-240-2049x77479,0,3,2,2025-02-02 07:46:12.918108,,52,5,2,Inactive
069ef804-4506-416c-b6cb-34eb28e0e7bb,Michael Stewart,bwilliams@example.org,322.540.6942,2,3,2,2025-01-07 17:44:35.624735,2025-02-17 22:46:55.241997,52,4,1,Active
b25021ee-7dbe-46a8-aa2d-b12ca5e6086e,Paul Mitchell,michaelcook@example.net,001-451-439-3510x567,0,6,0,2025-02-08 07:10:00.543946,2025-01-23 23:15:38.221697,70,5,2,Inactive
30b3d8f2-cf7c-4b8f-8348-94bf82a2bb7d,Eric Carrillo,thorntonjeremy@example.org,+1-428-961-8151,2,6,1,2025-01-14 07:45:43.911666,2025-02-01 14:41:21.088071,70,4,1,Inactive
f04242b4-4f11-4e14-9b9f-c79dee325f56,Unknown,tkelley@example.org,001-616-674-5824,0,4,1,2025-02-28 06:35:30.084552,2025-01-23 09:47:12.867433,59,5,2,Active
b3307225-77ad-4907-8beb-c6909cbdb722,Beverly Alvarez,patrickwilliams@example.org,+1-710-888-0560x5981,0,0,0,2025-01-24 13:12:28.379627,2025-01-18 03:10:22.675408,75,5,1,Inactive
1b51e408-c903-4daf-bc8d-bea3c0a05d9f,Lindsey Cruz,christopher08@example.org,283-637-2047x458,3,0,2,2025-03-08 17:41:01.875647,2025-03-07 22:28:16.584958,75,7,3,Inactive
9394a04d-fb37-4083-b4ec-2f93084d46b8,Robin Hardin,burkekimberly@example.org,+1-629-476-5987x698,0,3,2,2025-02-03 09:59:40.406175,,52,5,2,Inactive
c3fdc83f-e1a6-4d4a-9cf7-ee9716cf2eb7,James Smith,not_provided@example.com,001-595-941-6112x004,0,1,0,2025-03-05 11:51:32.113406,2025-01-19 13:59:18.726161,84,5,3,Inactive
565a8ee5-757c-4969-83b3-2e258d6f1cb8,Megan Harrison,wedwards@example.org,001-544-617-0825,3,5,0,2025-01-28 23:22:51.915742,2025-03-03 16:32:56.907375,73,7,1,Inactive
bba9b5f4-a17a-4074-994b-6eddcd444ee9,Unknown,not_provided@example.com,396-923-3829x2745,2,5,1,2025-02-06 19:38:43.096106,2025-03-12 05:08:32.019245,73,4,2,Inactive
4ada65b7-1a07-43ba-a0e9-8c5e84d3efd1,Cassandra Craig,christinaguerrero@example.com,(337)405-7371x9744,3,1,2,2025-02-08 03:08:07.151181,2025-01-03 01:05:48.953769,84,7,2,Inactive
093c9520-8dc2-4ff9-811a-f3cd6813406b,Jerry Wells,rmorrison@example.net,+1-925-752-0804x76933,4,1,0,2025-02-15 20:35:32.595969,2025-02-06 16:57:00.636627,84,6,2,Inactive
b4d18419-5f46-43be-8d09-c79398686dc0,David Rodriguez,laurie06@example.com,001-950-223-6179x967,4,1,0,2025-01-31 20:58:23.572876,2025-03-02 17:43:21.730818,84,6,1,Active
fc3c5f80-5839-4be2-8346-279b8b7501e7,Latoya Baker,ithomas@example.com,605-784-6289x2630,2,2,0,2025-01-18 20:14:01.763308,2025-01-03 09:05:30.477123,87,4,1,Inactive
3e274685-847d-4b4e-9c37-c3274612cede,Unknown,dhunt@example.com,000-000-0000,4,2,2,2025-01-06 23:20:56.433615,2025-01-16 02:17:34.277833,87,6,1,Active
31155e6e-31e8-407e-9b02-7602e63ae913,Jessica Duncan,jamesreed@example.net,999-967-4146x9981,2,2,1,2025-02-13 08:24:20.228463,2025-01-17 19:54:16.884907,87,4,2,Inactive
e315934e-4d69-4261-b543-1a1789495383,Diane Brock,perezlawrence@example.net,001-853-378-1539x9800,1,6,1,2025-03-18 19:46:36.192955,,70,8,3,Inactive
1d23fe53-c448-45c1-99ba-2b08f24f8831,James Neal,kelly40@example.net,324.426.2513x690,0,2,0,2025-03-14 19:05:39.548802,2025-01-01 02:10:25.183796,87,5,3,Active
7260de75-c88d-4a23-b48d-df7926214e54,David Roberts,franklinjohn@example.org,637.793.9433x235,0,0,2,2025-03-16 01:45:48.634054,2025-02-11 00:19:25.544219,75,5,3,Inactive
3943a198-522c-4dae-9bc9-c9a0cc5164e9,Robert Donaldson,carsonstacey@example.com,866.622.2411,0,0,1,2025-01-14 13:19:23.301560,2025-03-14 09:10:48.485504,75,5,1,Inactive
19252814-0a31-410c-85c7-65f9911146ea,Michael Price,larry87@example.com,+1-839-358-9188,1,5,1,2025-02-11 01:50:36.176448,2025-01-23 01:37:02.268564,73,8,2,Active
b1aae028-34bf-4a3f-b872-b638d26be2ed,Laura Steele,thomas47@example.net,252.761.9556x8594,1,2,0,2025-02-27 21:29:38.853735,2025-03-21 06:38:51.943633,87,8,2,Inactive
8d4e59de-5781-4c7f-b24f-4e6a59ead4e9,Bradley Guerrero,pattersonnatalie@example.net,000-000-0000,4,1,2,2025-02-04 03:38:52.785014,2025-01-15 20:08:54.560375,84,6,2,Inactive
0b737af6-8e9a-47b4-ae9e-df7bad448a06,Tyler Brock,bryanmolina@example.org,(902)495-1921x9495,1,5,2,2025-03-07 13:27:16.792578,2025-01-20 11:52:59.338746,73,8,3,Inactive
8201d98f-d196-4bf3-b907-62e43a3ed6cf,Douglas Dunn,pamela25@example.com,6989512586,3,2,1,2025-01-06 02:06:52.887180,2025-02-02 07:37:10.757904,87,7,1,Inactive
7223893b-4afe-4b0b-9a6f-ea9329c119cf,Elizabeth Parker,rowepatrick@example.com,(336)897-0346x9623,2,1,0,2025-02-16 15:27:54.422189,2025-01-10 03:29:31.140834,84,4,2,Inactive
69cd067b-d1d1-4a3d-89a1-96260c8392cd,Ashley Phillips,nicole52@example.org,211-447-8835x461,4,4,2,2025-01-19 07:43:33.463397,2025-03-04 23:36:53.676724,59,6,1,Inactive
c12ae917-6aa6-4290-a91b-7cb2bd9dcaf3,Michael Atkins,not_provided@example.com,645.432.7762,4,3,2,2025-02-01 09:32:24.345401,2025-03-12 05:48:47.651932,52,6,2,Active
b68b342d-9f28-481e-bac2-ba477af7b627,Matthew Castillo,lisagonzalez@example.net,+1-424-735-4977,0,1,1,2025-02-18 22:41:09.362985,2025-03-04 07:09:10.735854,84,5,2,Inactive
e6314ac8-7b2e-4933-b4db-ab5f30dcb0bc,Tracy Ramos,greg68@example.org,(975)295-4487x5619,0,1,0,2025-03-06 16:53:53.705578,2025-02-06 22:22:02.556226,84,5,3,Active
23cbf271-dc30-4775-accb-c8a9840b274a,Michaela Harris,kimberlycoleman@example.org,292-696-1015,0,5,2,2025-02-28 21:21:52.948099,2025-02-18 05:16:19.322078,73,5,2,Inactive
6bb23e56-5c4d-414a-b9ca-bc1a9fd23970,Ashley Juarez,juanreyes@example.net,(985)933-3542,3,1,0,2025-03-04 06:19:08.559801,2025-03-20 05:55:06.261977,84,7,3,Inactive
d27c55af-3b8c-4fca-993c-e44972afa7fb,Amanda Gaines,lukerosales@example.org,887.379.5924,3,1,0,2025-01-10 04:49:53.965002,2025-03-05 14:24:47.356714,84,7,1,Inactive
2312c659-f28e-4657-b052-60b6638c5c65,Anthony Young,carrie37@example.net,(315)819-1124,2,3,2,2025-03-19 17:11:59.068101,,52,4,3,Inactive
47d6fabe-6d66-420b-a561-26baf7dd4edc,Kirsten Sparks,alanwilliams@example.net,958-873-6550,3,3,0,2025-01-23 12:02:03.488441,,52,7,1,Active
92809920-8560-4ca7-8d81-b4e26e7496f6,Amy George,oreed@example.org,+1-823-319-4932x56168,2,5,2,2025-03-07 05:39:17.748642,,73,4,3,Inactive
263e4e15-aa92-44ed-9e0b-66a470b19693,Melissa Murphy,xday@example.com,736.885.6090x57739,0,2,1,2025-02-03 11:22:46.112932,,87,5,2,Active
af51e379-13bb-4ca5-b25e-8d393ec45ef1,Joseph Pope,cordovajamie@example.org,958-268-4083x4004,0,2,1,2025-01-23 14:34:29.811362,,87,5,1,Inactive
6571517e-63ea-4a02-a488-7c73dfaedb53,Kathryn Brown,aedwards@example.com,8819662251,4,5,2,2025-02-19 16:36:01.712122,2025-02-06 15:19:43.057593,73,6,2,Inactive
53b875c5-4a60-4a7c-b427-77899bea0532,Scott Reynolds,mezalindsay@example.com,473.214.2029x27913,4,4,2,2025-01-27 10:33:21.850732,2025-01-05 01:44:18.204584,59,6,1,Inactive
9415881d-81fa-4e92-a6ad-cc56eb9dabe4,Unknown,usaunders@example.net,000-000-0000,0,1,1,2025-02-14 11:55:23.940001,2025-03-15 02:51:35.945286,84,5,2,Inactive
66182ff9-66a9-4041-8b9d-3dcb70ecaa89,Dennis Park,elizabethbennett@example.net,000-000-0000,2,3,0,2025-01-04 13:05:42.283463,2025-03-11 01:39:45.380870,52,4,1,Inactive
b3be6f41-d759-4f7c-a9f0-8aec7a168acf,Angela Holmes,kcaldwell@example.net,2638082255,4,2,2,2025-03-02 14:19:57.218016,2025-02-11 09:15:39.379337,87,6,3,Active
47fa4088-1826-4d22-9fac-cbe874ae7fca,Jack Robertson,not_provided@example.com,001-270-462-1280x316,2,6,0,2025-01-02 02:30:16.925927,2025-03-04 16:59:29.057450,70,4,1,Inactive
7c1d2a92-acc5-462c-b56e-1f5db0d27750,Michael Parker,cbrown@example.com,409-965-2913,4,4,2,2025-02-17 02:55:17.303266,2025-03-07 12:38:48.693366,59,6,2,Active
7221561f-5f61-4b19-a349-70b711aca6f1,Tiffany Cole,michaelwilliams@example.org,+1-442-824-5021x07440,0,0,2,2025-03-12 13:04:39.775538,2025-01-01 13:52:58.127266,75,5,3,Inactive
95bde0be-833a-4c6c-bdb2-560b07489646,Christina Sullivan,glee@example.net,000-000-0000,1,5,0,2025-03-05 01:12:25.067241,2025-01-26 14:08:30.690885,73,8,3,Inactive
b8a1c986-93ae-446d-b5b5-8f0896353540,Robert Graves,hannahnicholson@example.org,933.630.3569,0,4,0,2025-02-24 20:59:22.586393,2025-03-10 17:40:12.481937,59,5,2,Inactive
f48bd970-d9a5-4b52-8733-78e727549647,Danny Ramos,jared34@example.net,(392)609-8109x89947,3,1,1,2025-02-25 09:31:11.995220,2025-02-20 19:08:02.019880,84,7,2,Active
ddaf8fe9-1f6a-44a9-8801-02b89de42f8b,Ronald Jones,kennethherrera@example.org,389-969-4741,0,1,1,2025-02-18 15:37:11.167269,2025-02-04 22:50:46.455297,84,5,2,Inactive
f387ff70-ff73-4dfd-b77c-414a49acc98b,Kristen Clark,michelle84@example.net,9452089289,3,1,2,2025-03-19 18:52:57.960876,2025-03-03 13:24:23.012546,84,7,3,Inactive
c697f7dc-b40f-43b7-a285-bbe4f419eeb0,Amber Holloway,wellskimberly@example.net,000-000-0000,0,5,0,2025-01-06 02:46:32.585394,,73,5,1,Active
47d12470-8485-495f-9952-23466bee36ac,Corey Le,eric95@example.com,9827947766,1,4,1,2025-02-19 22:31:41.480980,2025-02-23 20:26:25.569333,59,8,2,Inactive
5b4af396-96f1-4bc3-a924-46c740c93db1,Jake Barrett,williamsleslie@example.net,881.354.1474x73498,3,4,0,2025-02-26 14:02:17.966175,,59,7,2,Inactive
5773e35c-386a-4f1d-a40b-10a0a246d290,Ray Maynard,daniel94@example.org,001-211-905-0480x7789,1,0,1,2025-03-12 15:58:04.530308,2025-01-21 12:44:37.186262,75,8,3,Active
8969be1a-1dae-4f09-8bbc-d01a864ae3c9,Ryan Hernandez,not_provided@example.com,000-000-0000,0,1,2,2025-01-11 20:44:27.418169,2025-02-13 12:24:30.421859,84,5,1,Inactive
a2a2a85a-751f-4c24-8632-ad882d1a518c,Kimberly Clarke,ngreen@example.org,001-819-316-9889x282,1,6,1,2025-03-03 09:39:20.289078,2025-03-20 14:18:03.506701,70,8,3,Inactive
8867ed4e-563f-433a-8d50-2d0bfd7d542a,Andrea Stevens,carolyn42@example.org,512.365.2903,2,5,2,2025-03-10 15:35:58.690764,,73,4,3,Inactive
0f1a5cee-2d89-4d27-b9a1-6403f4c2309b,Robert James,victorfrost@example.org,820.566.8772x92053,2,6,0,2025-01-12 21:39:14.999305,2025-01-16 23:27:34.715136,70,4,1,Active
2adb4216-9a25-4680-ba82-4db872b1e917,Jerry Sandoval,andrew53@example.org,(974)985-3433x706,4,0,0,2025-02-16 00:19:09.523909,2025-03-14 03:19:47.377052,75,6,2,Active
433b7dc2-d7d0-47ef-bd11-8edd639f2c79,Mandy Nguyen,not_provided@example.com,963.732.1848,4,5,2,2025-02-21 23:24:13.882484,2025-02-20 08:10:30.355048,73,6,2,Active
1d719800-f88b-4967-89df-9d80cc3944d9,Patricia Chase,christopher93@example.org,2762108821,1,1,0,2025-01-17 08:58:49.168013,2025-03-03 14:45:14.181220,84,8,1,Active
11cf45f8-79f9-4cfd-b4e9-cb2e3a236bbd,Janice Ramos,karen67@example.net,943-564-3481,4,1,0,2025-01-05 12:37:26.588332,,84,6,1,Inactive
a6b3030b-5d28-49f3-b9a8-7f941c360c60,Catherine Cummings,robert91@example.net,523-694-1367x896,1,0,0,2025-01-23 01:06:54.067380,2025-02-06 21:51:44.523034,75,8,1,Inactive
4722a44f-2946-44fd-ad49-4d8c3b83a87a,Tamara Cook,donaldcarr@example.com,638-216-5921,3,6,2,2025-03-12 10:52:50.912832,2025-02-07 16:32:07.866295,70,7,3,Inactive
2b3d9399-fc92-499f-98a5-6ae70f05ec62,Charles King,nataliemitchell@example.com,618-290-4219,2,6,2,2025-01-23 04:09:12.071391,2025-01-14 15:21:37.391831,70,4,1,Active
2ee0015c-526e-431c-a99d-8696811e5c95,Frank Phillips,paulfernandez@example.net,000-000-0000,3,1,0,2025-02-03 20:15:07.245423,,84,7,2,Inactive
9550d88d-dd87-4f12-a024-d2172eae6321,Thomas Miller,joseph91@example.com,+1-960-848-6730x37678,3,6,0,2025-01-25 05:22:27.313991,,70,7,1,Inactive
ec9d70b4-4791-4d64-92c8-fd94f7022c5f,Kristina Hill,ahebert@example.net,756-523-6852x72395,0,6,0,2025-02-21 07:09:52.288076,2025-03-10 22:25:25.760357,70,5,2,Inactive
31b994be-bafe-450f-a548-09f0c498380a,Kevin Patton,theresa62@example.net,329-900-8993x7333,4,3,2,2025-02-01 12:10:05.933022,2025-02-06 10:25:43.710798,52,6,2,Active
de9b9e33-b287-4d45-98cb-8804a32e2e35,Bonnie Garcia,donna26@example.com,796.952.5122x37265,3,4,1,2025-02-18 06:31:28.167730,2025-01-26 16:48:28.732227,59,7,2,Inactive
3a9e5d31-cd4c-48c8-82b6-1c62644a8d8a,Rebecca Martinez,robert22@example.com,(296)915-3896x1015,1,4,1,2025-03-02 21:38:06.423457,,59,8,3,Active
a434176f-b6a0-42bf-a238-661f4e605c07,David Mathis,blacksarah@example.com,(239)729-4748x31493,3,2,0,2025-01-01 11:49:34.244428,,87,7,1,Active
376ce668-fb3d-492e-8cf7-0726c70128c3,Sandra Eaton,dale37@example.com,(924)599-3455,0,1,1,2025-01-28 19:01:23.636009,2025-01-02 22:43:34.996246,84,5,1,Active
9b658ab5-6473-42fb-919a-b4167fba00ff,Bryan Martin,benjaminrobinson@example.com,(935)907-6290x8643,4,4,0,2025-01-19 02:20:43.553003,2025-03-13 08:11:26.929896,59,6,1,Inactive
a1f98fcc-4723-4a3f-ab7d-040a92552803,Sheila Mueller,not_provided@example.com,511.652.4445x35589,2,0,2,2025-01-16 20:03:15.221231,,75,4,1,Inactive
0dc06245-c208-467e-8b49-fde3de62310f,Stephen Anderson,davissarah@example.com,428-442-5384x4098,1,4,2,2025-03-17 03:17:10.887462,,59,8,3,Inactive
15321378-d60a-4592-a4df-8a79f699f49b,Eric Jones,not_provided@example.com,000-000-0000,3,1,0,2025-03-10 21:27:51.716887,2025-03-01 20:24:59.044416,84,7,3,Active
4f9afebe-2284-4e5b-99db-fffcd43f954c,Derrick Peterson,dave38@example.net,+1-696-690-1108x86472,0,2,0,2025-03-20 18:17:22.085059,2025-01-19 01:05:27.678159,87,5,3,Active
9b6e1e30-dd49-4b87-ad27-521d08ef0278,Melissa Juarez,bgoodwin@example.com,881.845.8073,1,2,1,2025-02-07 11:59:36.951648,2025-02-05 04:58:53.240932,87,8,2,Inactive
740a1fcb-7950-4e7e-9bc9-e3c73c664324,Kerry Ramos,johnsonjorge@example.com,(579)223-0981x833,4,1,1,2025-02-26 03:15:07.108582,2025-02-23 03:40:56.112971,84,6,2,Inactive
80a35b08-7769-4529-9619-fbede22d0681,Holly Lopez,heidi89@example.org,+1-210-217-1889x88864,0,6,1,2025-01-10 10:42:55.781141,2025-02-09 11:42:58.774384,70,5,1,Active
8303cfb8-ddce-4ee2-9493-62a1157cd432,Unknown,amanda82@example.org,+1-830-680-9001,1,0,0,2025-02-21 08:12:33.754198,2025-01-30 15:22:55.895718,75,8,2,Active
4f3402fc-427e-40ef-b507-7b9ac564049c,Jordan Brown,lriddle@example.com,000-000-0000,3,1,0,2025-02-05 22:02:07.504096,,84,7,2,Inactive
386d4b2b-e7b6-4fe5-8b0f-e67467d25a70,Ricky Miller,hcunningham@example.com,000-000-0000,3,2,2,2025-02-05 09:40:09.318549,2025-02-08 22:57:07.107744,87,7,2,Inactive
07ec127e-6557-466d-bdd0-fe8e9e4027bb,Megan Green,claytonjohnson@example.org,000-000-0000,4,3,1,2025-03-01 03:52:32.149462,,52,6,3,Inactive
714c1d33-a67f-41f8-a0c8-c81c4d12a699,Melissa Leonard,carl89@example.net,(496)372-8363x14190,2,1,2,2025-01-03 15:21:05.504922,2025-03-06 05:26:32.096772,84,4,1,Inactive
51bbe557-a0f9-4ac7-99e0-e88d17166512,Angela Knapp,heatherbrowning@example.com,+1-531-635-2214x927,2,6,1,2025-01-10 03:20:53.449138,2025-02-15 01:16:30.752606,70,4,1,Active
4dbf1c0e-80a1-4501-baa8-cf2f7a476fb8,Christine Floyd,aharvey@example.org,000-000-0000,1,2,1,2025-01-23 20:01:56.520714,,87,8,1,Active
4ab1e8a5-d4b6-4f5d-8864-98646c7c2af5,Michelle Stevenson,lrogers@example.org,000-000-0000,0,0,0,2025-02-18 04:31:12.811808,2025-01-25 20:43:08.059354,75,5,2,Inactive
0ad0e064-6860-4e5d-af23-ff3e136aadb9,Christian Zimmerman,kevinkaufman@example.org,+1-993-693-9493x7342,2,4,2,2025-02-26 02:02:35.216936,2025-02-08 09:24:36.140721,59,4,2,Active
5abac91b-fafd-4faf-a080-a650dfe04dff,Shane Reyes,nelsonwilliam@example.com,001-599-731-5654,2,3,1,2025-01-12 09:43:58.846653,2025-02-26 00:08:23.242707,52,4,1,Inactive
a036e142-feb6-47cc-a5e7-852d6c0886e9,Mr. Bryan Macias,sherryacosta@example.org,(582)461-4739,3,4,2,2025-03-18 02:34:50.182853,2025-02-01 20:21:34.405921,59,7,3,Inactive
60fabdce-0654-4ca8-a83b-64be204304d9,Robert Coleman,dmartin@example.net,361.217.4595x629,4,0,1,2025-02-07 18:21:40.091331,2025-03-04 18:34:18.927453,75,6,2,Inactive
01c97c56-e01b-4fc4-8b68-b580f28e4954,Joel Wiggins,sarah64@example.org,9966524020,0,1,2,2025-01-19 12:36:30.295053,2025-01-28 04:31:39.396690,84,5,1,Inactive
fff339f5-591c-417a-a07f-c461b318746b,Sharon Jimenez,not_provided@example.com,001-459-373-4658x4732,1,2,2,2025-01-05 10:29:00.401026,2025-03-10 20:40:23.358135,87,8,1,Active
1f184d37-0b05-410f-9b01-453c9ab5d219,Meredith Patrick,danielwallace@example.net,+1-484-386-9856x188,4,4,0,2025-02-22 11:09:25.489863,2025-01-04 04:16:54.960238,59,6,2,Active
56ec5133-df64-4446-9961-cf920e44c25a,Jennifer Le,michelle15@example.org,000-000-0000,3,6,0,2025-02-28 23:19:55.428725,2025-02-05 02:16:32.437139,70,7,2,Active
d852f1dd-bf1e-448e-92f0-9d06049ee961,Sharon Adams,not_provided@example.com,(855)734-6762x5822,4,2,2,2025-01-23 18:03:21.014076,2025-02-05 06:25:20.142330,87,6,1,Inactive
e2e7ff90-ca47-4c6f-9769-2fabeeaa54cf,Thomas Mullen,aclark@example.org,000-000-0000,4,6,1,2025-03-12 06:40:03.278008,2025-02-22 02:05:10.033427,70,6,3,Inactive
3b37e4fd-d602-4522-b12d-025f8ada479d,Karl Moore,christopheradams@example.com,414-928-6029x46269,2,0,2,2025-03-01 20:54:15.132962,2025-02-28 10:27:09.813968,75,4,3,Inactive
94397e2f-7fbb-4d55-ae84-ad4f3618e512,Barbara Fisher,mariahthomas@example.org,3437299200,3,6,2,2025-02-13 04:00:24.387980,2025-01-13 09:59:57.526864,70,7,2,Inactive
18c6ba3d-a459-4ee5-9b8b-fc96ba19b387,Melissa Hines,benjaminmay@example.org,001-906-266-7058x27234,2,2,2,2025-03-19 04:53:59.276867,2025-02-02 16:59:49.645641,87,4,3,Active
4ddbfd2b-03d7-4a02-b5b4-bd668734798c,Hannah Taylor,simonmichael@example.org,001-577-587-9693,4,1,2,2025-03-12 07:49:18.780693,2025-01-07 09:25:46.046032,84,6,3,Active
